,name,error,time_taken,rank,n_dims,error_func,drm_type,run,left_rank,right_rank
0,TT-SVD,3.910900060507594e-12,0.000460761999420356,"(5, 8, 5)",4.0,tt_error_func,,,,
1,HMT,1.2615752808133938e-11,0.0016922800004977034,"(5, 8, 5)",4.0,tt_error_func,DenseGaussianDRM,0.0,,
2,STTA,2.8857942535698988e-11,0.019592864000514965,,4.0,tt_error_func,DenseGaussianDRM,0.0,"(5, 8, 5)","(10, 16, 10)"
3,HMT,1.4940074333886058e-11,0.001691539999228553,"(5, 8, 5)",4.0,tt_error_func,DenseGaussianDRM,1.0,,
4,STTA,1.490862074343319e-11,0.021422273999633035,,4.0,tt_error_func,DenseGaussianDRM,1.0,"(5, 8, 5)","(10, 16, 10)"
5,HMT,2.5601126318211917e-11,0.0018484310003259452,"(5, 8, 5)",4.0,tt_error_func,DenseGaussianDRM,2.0,,
6,STTA,5.680322120930116e-10,0.013748049999776413,,4.0,tt_error_func,DenseGaussianDRM,2.0,"(5, 8, 5)","(10, 16, 10)"
7,HMT,9.60953159720941e-12,0.0013071180001134053,"(5, 8, 5)",4.0,tt_error_func,DenseGaussianDRM,3.0,,
8,STTA,1.2714145626845765e-11,0.013534588000766234,,4.0,tt_error_func,DenseGaussianDRM,3.0,"(5, 8, 5)","(10, 16, 10)"
9,HMT,7.744903170484052e-12,0.0012629970005946234,"(5, 8, 5)",4.0,tt_error_func,DenseGaussianDRM,4.0,,
10,STTA,7.686282607975379e-11,0.013590459000624833,,4.0,tt_error_func,DenseGaussianDRM,4.0,"(5, 8, 5)","(10, 16, 10)"
11,HMT,2.7348023333310412e-11,0.0012475570001697633,"(5, 8, 5)",4.0,tt_error_func,DenseGaussianDRM,5.0,,
12,STTA,1.851690377260778e-10,0.01392964000115171,,4.0,tt_error_func,DenseGaussianDRM,5.0,"(5, 8, 5)","(10, 16, 10)"
13,HMT,3.8325438064388014e-10,0.0012672979992203182,"(5, 8, 5)",4.0,tt_error_func,DenseGaussianDRM,6.0,,
14,STTA,1.1283335867903424e-10,0.01395259000128135,,4.0,tt_error_func,DenseGaussianDRM,6.0,"(5, 8, 5)","(10, 16, 10)"
15,HMT,2.4292286756657105e-11,0.001243627999429009,"(5, 8, 5)",4.0,tt_error_func,DenseGaussianDRM,7.0,,
16,STTA,3.4339146382055376e-11,0.014568155000233673,,4.0,tt_error_func,DenseGaussianDRM,7.0,"(5, 8, 5)","(10, 16, 10)"
17,HMT,3.330070387015067e-11,0.0013214379996497883,"(5, 8, 5)",4.0,tt_error_func,DenseGaussianDRM,8.0,,
18,STTA,1.3145984623409263e-11,0.014025710999703733,,4.0,tt_error_func,DenseGaussianDRM,8.0,"(5, 8, 5)","(10, 16, 10)"
19,HMT,2.3851484441770405e-11,0.0013934280013927491,"(5, 8, 5)",4.0,tt_error_func,DenseGaussianDRM,9.0,,
20,STTA,8.283861174831657e-12,0.014320902999315877,,4.0,tt_error_func,DenseGaussianDRM,9.0,"(5, 8, 5)","(10, 16, 10)"
21,HMT,1.2563647604758964e-10,0.0013138479989720508,"(5, 8, 5)",4.0,tt_error_func,DenseGaussianDRM,10.0,,
22,STTA,9.69127511627068e-12,0.014172761999361683,,4.0,tt_error_func,DenseGaussianDRM,10.0,"(5, 8, 5)","(10, 16, 10)"
23,HMT,1.607216764369352e-11,0.001270177999685984,"(5, 8, 5)",4.0,tt_error_func,DenseGaussianDRM,11.0,,
24,STTA,1.4443363644980129e-11,0.01492316599978949,,4.0,tt_error_func,DenseGaussianDRM,11.0,"(5, 8, 5)","(10, 16, 10)"
25,HMT,1.975107592019374e-11,0.0013300880000315374,"(5, 8, 5)",4.0,tt_error_func,DenseGaussianDRM,12.0,,
26,STTA,4.184576494812111e-11,0.013502398000127869,,4.0,tt_error_func,DenseGaussianDRM,12.0,"(5, 8, 5)","(10, 16, 10)"
27,HMT,1.5182167353230572e-11,0.001295747000767733,"(5, 8, 5)",4.0,tt_error_func,DenseGaussianDRM,13.0,,
28,STTA,2.187492484712588e-11,0.01490326500061201,,4.0,tt_error_func,DenseGaussianDRM,13.0,"(5, 8, 5)","(10, 16, 10)"
29,HMT,1.0925862287892235e-11,0.0014363289992616046,"(5, 8, 5)",4.0,tt_error_func,DenseGaussianDRM,14.0,,
30,STTA,1.6424963521204e-11,0.013954009998997208,,4.0,tt_error_func,DenseGaussianDRM,14.0,"(5, 8, 5)","(10, 16, 10)"
31,HMT,6.687707733167082e-11,0.0020211619994370267,"(5, 8, 5)",4.0,tt_error_func,DenseGaussianDRM,15.0,,
32,STTA,1.2165075973432982e-11,0.015773510000144597,,4.0,tt_error_func,DenseGaussianDRM,15.0,"(5, 8, 5)","(10, 16, 10)"
33,HMT,1.8841569897041968e-11,0.0013808380008413224,"(5, 8, 5)",4.0,tt_error_func,DenseGaussianDRM,16.0,,
34,STTA,1.9596347529742013e-11,0.017880383000374422,,4.0,tt_error_func,DenseGaussianDRM,16.0,"(5, 8, 5)","(10, 16, 10)"
35,HMT,1.3676943443206306e-11,0.0013961479999125004,"(5, 8, 5)",4.0,tt_error_func,DenseGaussianDRM,17.0,,
36,STTA,1.6614158390903144e-11,0.017726492000292637,,4.0,tt_error_func,DenseGaussianDRM,17.0,"(5, 8, 5)","(10, 16, 10)"
37,HMT,2.4058684620420574e-11,0.0014056679992791032,"(5, 8, 5)",4.0,tt_error_func,DenseGaussianDRM,18.0,,
38,STTA,1.465740695369584e-10,0.01679607699952612,,4.0,tt_error_func,DenseGaussianDRM,18.0,"(5, 8, 5)","(10, 16, 10)"
39,HMT,8.342999403787607e-11,0.0014671080007246928,"(5, 8, 5)",4.0,tt_error_func,DenseGaussianDRM,19.0,,
40,STTA,1.8300607858263842e-11,0.01628782400075579,,4.0,tt_error_func,DenseGaussianDRM,19.0,"(5, 8, 5)","(10, 16, 10)"
41,HMT,1.5315034516934075e-11,0.001445788000637549,"(5, 8, 5)",4.0,tt_error_func,DenseGaussianDRM,20.0,,
42,STTA,6.780492794283368e-11,0.015353368000432965,,4.0,tt_error_func,DenseGaussianDRM,20.0,"(5, 8, 5)","(10, 16, 10)"
43,HMT,1.7041998632571287e-11,0.0013565379995270632,"(5, 8, 5)",4.0,tt_error_func,DenseGaussianDRM,21.0,,
44,STTA,6.966146585431426e-11,0.01434903200060944,,4.0,tt_error_func,DenseGaussianDRM,21.0,"(5, 8, 5)","(10, 16, 10)"
45,HMT,2.9904131543434313e-10,0.0011392769993108232,"(5, 8, 5)",4.0,tt_error_func,DenseGaussianDRM,22.0,,
46,STTA,7.5567878099058e-11,0.014588953999918886,,4.0,tt_error_func,DenseGaussianDRM,22.0,"(5, 8, 5)","(10, 16, 10)"
47,HMT,8.438033656793731e-11,0.0014012779993208824,"(5, 8, 5)",4.0,tt_error_func,DenseGaussianDRM,23.0,,
48,STTA,4.21425102035355e-11,0.014110751000771415,,4.0,tt_error_func,DenseGaussianDRM,23.0,"(5, 8, 5)","(10, 16, 10)"
49,HMT,8.830666430408824e-12,0.0013331779991858639,"(5, 8, 5)",4.0,tt_error_func,DenseGaussianDRM,24.0,,
50,STTA,7.72084696253887e-12,0.014765726000405266,,4.0,tt_error_func,DenseGaussianDRM,24.0,"(5, 8, 5)","(10, 16, 10)"
51,HMT,5.714486521844636e-11,0.0012666170005104505,"(5, 8, 5)",4.0,tt_error_func,DenseGaussianDRM,25.0,,
52,STTA,1.2125750902666973e-11,0.014365413000632543,,4.0,tt_error_func,DenseGaussianDRM,25.0,"(5, 8, 5)","(10, 16, 10)"
53,HMT,9.561826755784075e-12,0.0013745070009463234,"(5, 8, 5)",4.0,tt_error_func,DenseGaussianDRM,26.0,,
54,STTA,2.7270248945243052e-11,0.019555023000066285,,4.0,tt_error_func,DenseGaussianDRM,26.0,"(5, 8, 5)","(10, 16, 10)"
55,HMT,5.989636859255636e-11,0.0014466190004895907,"(5, 8, 5)",4.0,tt_error_func,DenseGaussianDRM,27.0,,
56,STTA,3.292192421669611e-11,0.016844825999214663,,4.0,tt_error_func,DenseGaussianDRM,27.0,"(5, 8, 5)","(10, 16, 10)"
57,HMT,8.75944015256404e-12,0.0013997980004205601,"(5, 8, 5)",4.0,tt_error_func,DenseGaussianDRM,28.0,,
58,STTA,1.521180016463201e-11,0.0157563199991273,,4.0,tt_error_func,DenseGaussianDRM,28.0,"(5, 8, 5)","(10, 16, 10)"
59,HMT,1.0798924219646085e-10,0.0013398979990597581,"(5, 8, 5)",4.0,tt_error_func,DenseGaussianDRM,29.0,,
60,STTA,1.8290412380747576e-11,0.014977907001593849,,4.0,tt_error_func,DenseGaussianDRM,29.0,"(5, 8, 5)","(10, 16, 10)"
61,TT-SVD,9.874390087819252e-07,0.0006281229998421622,"(5, 8, 8, 5)",5.0,tt_error_func,,,,
62,HMT,1.5708323238269605e-06,0.0022565529998246348,"(5, 8, 8, 5)",5.0,tt_error_func,DenseGaussianDRM,0.0,,
63,STTA,5.681571754376358e-06,0.022095657001045765,,5.0,tt_error_func,DenseGaussianDRM,0.0,"(5, 8, 8, 5)","(10, 16, 16, 10)"
64,HMT,5.800884353877934e-06,0.0021011820008425275,"(5, 8, 8, 5)",5.0,tt_error_func,DenseGaussianDRM,1.0,,
65,STTA,2.6553284207255074e-06,0.01926024999920628,,5.0,tt_error_func,DenseGaussianDRM,1.0,"(5, 8, 8, 5)","(10, 16, 16, 10)"
66,HMT,5.674781455269054e-06,0.0020041610005137045,"(5, 8, 8, 5)",5.0,tt_error_func,DenseGaussianDRM,2.0,,
67,STTA,5.913661775093124e-06,0.018975740000314545,,5.0,tt_error_func,DenseGaussianDRM,2.0,"(5, 8, 8, 5)","(10, 16, 16, 10)"
68,HMT,3.971364611326164e-06,0.0019587919996411074,"(5, 8, 8, 5)",5.0,tt_error_func,DenseGaussianDRM,3.0,,
69,STTA,1.1277616662355888e-05,0.018588405999253155,,5.0,tt_error_func,DenseGaussianDRM,3.0,"(5, 8, 8, 5)","(10, 16, 16, 10)"
70,HMT,3.6272473953955274e-06,0.0018924409996543545,"(5, 8, 8, 5)",5.0,tt_error_func,DenseGaussianDRM,4.0,,
71,STTA,8.259150614381386e-06,0.018280813999808743,,5.0,tt_error_func,DenseGaussianDRM,4.0,"(5, 8, 8, 5)","(10, 16, 16, 10)"
72,HMT,1.492490381727596e-05,0.001921881999805919,"(5, 8, 8, 5)",5.0,tt_error_func,DenseGaussianDRM,5.0,,
73,STTA,7.314607301235683e-06,0.0178572320000967,,5.0,tt_error_func,DenseGaussianDRM,5.0,"(5, 8, 8, 5)","(10, 16, 16, 10)"
74,HMT,2.5460998863957358e-06,0.0020992820009269053,"(5, 8, 8, 5)",5.0,tt_error_func,DenseGaussianDRM,6.0,,
75,STTA,3.184257043133416e-06,0.018432576000122936,,5.0,tt_error_func,DenseGaussianDRM,6.0,"(5, 8, 8, 5)","(10, 16, 16, 10)"
76,HMT,1.061823688245818e-05,0.0020458119997783797,"(5, 8, 8, 5)",5.0,tt_error_func,DenseGaussianDRM,7.0,,
77,STTA,4.213704137768491e-06,0.017358499999318155,,5.0,tt_error_func,DenseGaussianDRM,7.0,"(5, 8, 8, 5)","(10, 16, 16, 10)"
78,HMT,4.7486433119360986e-05,0.0020758419996127486,"(5, 8, 8, 5)",5.0,tt_error_func,DenseGaussianDRM,8.0,,
79,STTA,8.262133837087822e-06,0.01797110299958149,,5.0,tt_error_func,DenseGaussianDRM,8.0,"(5, 8, 8, 5)","(10, 16, 16, 10)"
80,HMT,4.685952163634024e-06,0.002012261000345461,"(5, 8, 8, 5)",5.0,tt_error_func,DenseGaussianDRM,9.0,,
81,STTA,5.308361547889402e-06,0.018928800000139745,,5.0,tt_error_func,DenseGaussianDRM,9.0,"(5, 8, 8, 5)","(10, 16, 16, 10)"
82,HMT,4.948503100129832e-06,0.002329793000171776,"(5, 8, 8, 5)",5.0,tt_error_func,DenseGaussianDRM,10.0,,
83,STTA,2.932695908326844e-06,0.017946293999557383,,5.0,tt_error_func,DenseGaussianDRM,10.0,"(5, 8, 8, 5)","(10, 16, 16, 10)"
84,HMT,4.088539219929951e-06,0.0018522209993534489,"(5, 8, 8, 5)",5.0,tt_error_func,DenseGaussianDRM,11.0,,
85,STTA,2.706984925440398e-06,0.017414289999578614,,5.0,tt_error_func,DenseGaussianDRM,11.0,"(5, 8, 8, 5)","(10, 16, 16, 10)"
86,HMT,2.0187900459617947e-06,0.001875109999673441,"(5, 8, 8, 5)",5.0,tt_error_func,DenseGaussianDRM,12.0,,
87,STTA,2.4398006450837098e-06,0.018619706999743357,,5.0,tt_error_func,DenseGaussianDRM,12.0,"(5, 8, 8, 5)","(10, 16, 16, 10)"
88,HMT,3.4944350387048365e-05,0.0020482119998632697,"(5, 8, 8, 5)",5.0,tt_error_func,DenseGaussianDRM,13.0,,
89,STTA,4.451705116324418e-06,0.018262034000144922,,5.0,tt_error_func,DenseGaussianDRM,13.0,"(5, 8, 8, 5)","(10, 16, 16, 10)"
90,HMT,5.6389632395348605e-06,0.0020437009989109356,"(5, 8, 8, 5)",5.0,tt_error_func,DenseGaussianDRM,14.0,,
91,STTA,3.605811851778267e-06,0.01783501200043247,,5.0,tt_error_func,DenseGaussianDRM,14.0,"(5, 8, 8, 5)","(10, 16, 16, 10)"
92,HMT,2.188197349841252e-06,0.0020244820007064845,"(5, 8, 8, 5)",5.0,tt_error_func,DenseGaussianDRM,15.0,,
93,STTA,1.6354952801466787e-06,0.01786615299897676,,5.0,tt_error_func,DenseGaussianDRM,15.0,"(5, 8, 8, 5)","(10, 16, 16, 10)"
94,HMT,2.185608064626082e-06,0.002023651000854443,"(5, 8, 8, 5)",5.0,tt_error_func,DenseGaussianDRM,16.0,,
95,STTA,4.312129356991911e-06,0.018337564999455935,,5.0,tt_error_func,DenseGaussianDRM,16.0,"(5, 8, 8, 5)","(10, 16, 16, 10)"
96,HMT,2.6405383697594795e-06,0.00217412200072431,"(5, 8, 8, 5)",5.0,tt_error_func,DenseGaussianDRM,17.0,,
97,STTA,2.297453823269601e-06,0.01762344199960353,,5.0,tt_error_func,DenseGaussianDRM,17.0,"(5, 8, 8, 5)","(10, 16, 16, 10)"
98,HMT,3.7494183388446344e-06,0.0017120210013672477,"(5, 8, 8, 5)",5.0,tt_error_func,DenseGaussianDRM,18.0,,
99,STTA,6.3096256546075765e-06,0.01784364299965091,,5.0,tt_error_func,DenseGaussianDRM,18.0,"(5, 8, 8, 5)","(10, 16, 16, 10)"
100,HMT,2.7780517024313812e-06,0.0018420000014884863,"(5, 8, 8, 5)",5.0,tt_error_func,DenseGaussianDRM,19.0,,
101,STTA,5.505803394515059e-06,0.01885315900108253,,5.0,tt_error_func,DenseGaussianDRM,19.0,"(5, 8, 8, 5)","(10, 16, 16, 10)"
102,HMT,8.41215276459229e-06,0.002110922001520521,"(5, 8, 8, 5)",5.0,tt_error_func,DenseGaussianDRM,20.0,,
103,STTA,4.076897907995174e-06,0.018704918000366888,,5.0,tt_error_func,DenseGaussianDRM,20.0,"(5, 8, 8, 5)","(10, 16, 16, 10)"
104,HMT,4.678761979367909e-06,0.0018885619992943248,"(5, 8, 8, 5)",5.0,tt_error_func,DenseGaussianDRM,21.0,,
105,STTA,1.198747581903627e-05,0.022551659998498508,,5.0,tt_error_func,DenseGaussianDRM,21.0,"(5, 8, 8, 5)","(10, 16, 16, 10)"
106,HMT,2.9104716545571247e-06,0.0021132629990461282,"(5, 8, 8, 5)",5.0,tt_error_func,DenseGaussianDRM,22.0,,
107,STTA,7.3272931544767555e-06,0.01893430900054227,,5.0,tt_error_func,DenseGaussianDRM,22.0,"(5, 8, 8, 5)","(10, 16, 16, 10)"
108,HMT,4.2841553276505084e-06,0.0024379039987252327,"(5, 8, 8, 5)",5.0,tt_error_func,DenseGaussianDRM,23.0,,
109,STTA,4.904307533491502e-06,0.019132440000248607,,5.0,tt_error_func,DenseGaussianDRM,23.0,"(5, 8, 8, 5)","(10, 16, 16, 10)"
110,HMT,5.39622101403703e-06,0.0019597900009102887,"(5, 8, 8, 5)",5.0,tt_error_func,DenseGaussianDRM,24.0,,
111,STTA,6.806814454888314e-06,0.019000678999873344,,5.0,tt_error_func,DenseGaussianDRM,24.0,"(5, 8, 8, 5)","(10, 16, 16, 10)"
112,HMT,2.326153654078375e-06,0.0019661010010167956,"(5, 8, 8, 5)",5.0,tt_error_func,DenseGaussianDRM,25.0,,
113,STTA,8.227208695128127e-06,0.019845565000650822,,5.0,tt_error_func,DenseGaussianDRM,25.0,"(5, 8, 8, 5)","(10, 16, 16, 10)"
114,HMT,5.135219773631444e-06,0.002000612001211266,"(5, 8, 8, 5)",5.0,tt_error_func,DenseGaussianDRM,26.0,,
115,STTA,4.289247006168228e-06,0.0187184080004954,,5.0,tt_error_func,DenseGaussianDRM,26.0,"(5, 8, 8, 5)","(10, 16, 16, 10)"
116,HMT,2.529306636863689e-06,0.0019832719990517944,"(5, 8, 8, 5)",5.0,tt_error_func,DenseGaussianDRM,27.0,,
117,STTA,5.383814485137832e-06,0.019401190998905804,,5.0,tt_error_func,DenseGaussianDRM,27.0,"(5, 8, 8, 5)","(10, 16, 16, 10)"
118,HMT,6.915852808078951e-06,0.001965071000086027,"(5, 8, 8, 5)",5.0,tt_error_func,DenseGaussianDRM,28.0,,
119,STTA,3.644547168678477e-06,0.019106749001366552,,5.0,tt_error_func,DenseGaussianDRM,28.0,"(5, 8, 8, 5)","(10, 16, 16, 10)"
120,HMT,2.201329219736365e-06,0.0019686720006575342,"(5, 8, 8, 5)",5.0,tt_error_func,DenseGaussianDRM,29.0,,
121,STTA,3.935437300609105e-06,0.01876669800003583,,5.0,tt_error_func,DenseGaussianDRM,29.0,"(5, 8, 8, 5)","(10, 16, 16, 10)"
122,TT-SVD,3.004186288658085e-07,0.0008135450007102918,"(5, 8, 8, 8, 5)",6.0,tt_error_func,,,,
123,HMT,7.668089610498086e-06,0.0033540880012878915,"(5, 8, 8, 8, 5)",6.0,tt_error_func,DenseGaussianDRM,0.0,,
124,STTA,7.89672882636393e-06,0.024859852999725263,,6.0,tt_error_func,DenseGaussianDRM,0.0,"(5, 8, 8, 8, 5)","(10, 16, 16, 16, 10)"
125,HMT,1.3618310383349126e-06,0.003243717999794171,"(5, 8, 8, 8, 5)",6.0,tt_error_func,DenseGaussianDRM,1.0,,
126,STTA,1.5702442933859038e-06,0.022808580000855727,,6.0,tt_error_func,DenseGaussianDRM,1.0,"(5, 8, 8, 8, 5)","(10, 16, 16, 16, 10)"
127,HMT,1.739703111731717e-05,0.0031514170004811604,"(5, 8, 8, 8, 5)",6.0,tt_error_func,DenseGaussianDRM,2.0,,
128,STTA,6.495402543920234e-06,0.022823561999757658,,6.0,tt_error_func,DenseGaussianDRM,2.0,"(5, 8, 8, 8, 5)","(10, 16, 16, 16, 10)"
129,HMT,1.4908191878342089e-06,0.0031560679999529384,"(5, 8, 8, 8, 5)",6.0,tt_error_func,DenseGaussianDRM,3.0,,
130,STTA,3.005886696698374e-06,0.022735211001418065,,6.0,tt_error_func,DenseGaussianDRM,3.0,"(5, 8, 8, 8, 5)","(10, 16, 16, 16, 10)"
131,HMT,1.956420613904419e-06,0.0031748780002089916,"(5, 8, 8, 8, 5)",6.0,tt_error_func,DenseGaussianDRM,4.0,,
132,STTA,4.547165808373233e-06,0.02269960000012361,,6.0,tt_error_func,DenseGaussianDRM,4.0,"(5, 8, 8, 8, 5)","(10, 16, 16, 16, 10)"
133,HMT,1.0754509947111481e-06,0.0032240780001302483,"(5, 8, 8, 8, 5)",6.0,tt_error_func,DenseGaussianDRM,5.0,,
134,STTA,4.981126980076032e-06,0.023196092999569373,,6.0,tt_error_func,DenseGaussianDRM,5.0,"(5, 8, 8, 8, 5)","(10, 16, 16, 16, 10)"
135,HMT,2.3311935451244228e-06,0.003195208999386523,"(5, 8, 8, 8, 5)",6.0,tt_error_func,DenseGaussianDRM,6.0,,
136,STTA,3.24055278814406e-06,0.02309371400042437,,6.0,tt_error_func,DenseGaussianDRM,6.0,"(5, 8, 8, 8, 5)","(10, 16, 16, 16, 10)"
137,HMT,8.945380386796382e-07,0.0031887889999779873,"(5, 8, 8, 8, 5)",6.0,tt_error_func,DenseGaussianDRM,7.0,,
138,STTA,4.349008000927486e-06,0.022766830001273775,,6.0,tt_error_func,DenseGaussianDRM,7.0,"(5, 8, 8, 8, 5)","(10, 16, 16, 16, 10)"
139,HMT,2.237242984218647e-05,0.003168097999150632,"(5, 8, 8, 8, 5)",6.0,tt_error_func,DenseGaussianDRM,8.0,,
140,STTA,1.4313262095745501e-05,0.02285757199933869,,6.0,tt_error_func,DenseGaussianDRM,8.0,"(5, 8, 8, 8, 5)","(10, 16, 16, 16, 10)"
141,HMT,3.7215298915991902e-06,0.003434219999689958,"(5, 8, 8, 8, 5)",6.0,tt_error_func,DenseGaussianDRM,9.0,,
142,STTA,1.8397425790184e-06,0.02278072099943529,,6.0,tt_error_func,DenseGaussianDRM,9.0,"(5, 8, 8, 8, 5)","(10, 16, 16, 16, 10)"
143,HMT,8.707110563024195e-07,0.003329199000290828,"(5, 8, 8, 8, 5)",6.0,tt_error_func,DenseGaussianDRM,10.0,,
144,STTA,2.60398090652596e-06,0.022699101000398514,,6.0,tt_error_func,DenseGaussianDRM,10.0,"(5, 8, 8, 8, 5)","(10, 16, 16, 16, 10)"
145,HMT,5.2909102890980025e-06,0.0031099569987418363,"(5, 8, 8, 8, 5)",6.0,tt_error_func,DenseGaussianDRM,11.0,,
146,STTA,7.46937111035213e-06,0.021573412999714492,,6.0,tt_error_func,DenseGaussianDRM,11.0,"(5, 8, 8, 8, 5)","(10, 16, 16, 16, 10)"
147,HMT,1.2667700996925923e-06,0.003325570000015432,"(5, 8, 8, 8, 5)",6.0,tt_error_func,DenseGaussianDRM,12.0,,
148,STTA,8.359532181580441e-06,0.021415834000436007,,6.0,tt_error_func,DenseGaussianDRM,12.0,"(5, 8, 8, 8, 5)","(10, 16, 16, 16, 10)"
149,HMT,1.4582407480885203e-06,0.0031366180010081735,"(5, 8, 8, 8, 5)",6.0,tt_error_func,DenseGaussianDRM,13.0,,
150,STTA,2.0945894784707174e-06,0.021463483999468735,,6.0,tt_error_func,DenseGaussianDRM,13.0,"(5, 8, 8, 8, 5)","(10, 16, 16, 16, 10)"
151,HMT,4.804194339555467e-06,0.0032878800011530984,"(5, 8, 8, 8, 5)",6.0,tt_error_func,DenseGaussianDRM,14.0,,
152,STTA,1.6255244107113574e-05,0.023993879000045126,,6.0,tt_error_func,DenseGaussianDRM,14.0,"(5, 8, 8, 8, 5)","(10, 16, 16, 16, 10)"
153,HMT,1.0882300603842084e-06,0.003572460998839233,"(5, 8, 8, 8, 5)",6.0,tt_error_func,DenseGaussianDRM,15.0,,
154,STTA,7.437257685671945e-06,0.022504710001157946,,6.0,tt_error_func,DenseGaussianDRM,15.0,"(5, 8, 8, 8, 5)","(10, 16, 16, 16, 10)"
155,HMT,6.883046131422237e-07,0.0032844290017237654,"(5, 8, 8, 8, 5)",6.0,tt_error_func,DenseGaussianDRM,16.0,,
156,STTA,7.241906148731185e-06,0.02312324400008947,,6.0,tt_error_func,DenseGaussianDRM,16.0,"(5, 8, 8, 8, 5)","(10, 16, 16, 16, 10)"
157,HMT,3.1244409763973975e-06,0.0037267810002958868,"(5, 8, 8, 8, 5)",6.0,tt_error_func,DenseGaussianDRM,17.0,,
158,STTA,2.0669740414349853e-06,0.022942981999221956,,6.0,tt_error_func,DenseGaussianDRM,17.0,"(5, 8, 8, 8, 5)","(10, 16, 16, 16, 10)"
159,HMT,2.7047892355777014e-06,0.0031235780006682035,"(5, 8, 8, 8, 5)",6.0,tt_error_func,DenseGaussianDRM,18.0,,
160,STTA,4.5369496905761935e-06,0.02397174699945026,,6.0,tt_error_func,DenseGaussianDRM,18.0,"(5, 8, 8, 8, 5)","(10, 16, 16, 16, 10)"
161,HMT,9.898154162503436e-07,0.003633352000179002,"(5, 8, 8, 8, 5)",6.0,tt_error_func,DenseGaussianDRM,19.0,,
162,STTA,5.229929964526625e-06,0.023814096999558387,,6.0,tt_error_func,DenseGaussianDRM,19.0,"(5, 8, 8, 8, 5)","(10, 16, 16, 16, 10)"
163,HMT,1.2828390544975203e-06,0.004063632999532274,"(5, 8, 8, 8, 5)",6.0,tt_error_func,DenseGaussianDRM,20.0,,
164,STTA,1.661607030676835e-06,0.023380804999760585,,6.0,tt_error_func,DenseGaussianDRM,20.0,"(5, 8, 8, 8, 5)","(10, 16, 16, 16, 10)"
165,HMT,2.174994213747876e-06,0.003349489999891375,"(5, 8, 8, 8, 5)",6.0,tt_error_func,DenseGaussianDRM,21.0,,
166,STTA,6.32783936134183e-06,0.023474485000406276,,6.0,tt_error_func,DenseGaussianDRM,21.0,"(5, 8, 8, 8, 5)","(10, 16, 16, 16, 10)"
167,HMT,1.4548848078327457e-06,0.0031351979996543378,"(5, 8, 8, 8, 5)",6.0,tt_error_func,DenseGaussianDRM,22.0,,
168,STTA,3.689361020498899e-06,0.022269547000178136,,6.0,tt_error_func,DenseGaussianDRM,22.0,"(5, 8, 8, 8, 5)","(10, 16, 16, 16, 10)"
169,HMT,6.5692809436409676e-06,0.0033636290008871583,"(5, 8, 8, 8, 5)",6.0,tt_error_func,DenseGaussianDRM,23.0,,
170,STTA,2.8395923605710363e-06,0.022074597000028007,,6.0,tt_error_func,DenseGaussianDRM,23.0,"(5, 8, 8, 8, 5)","(10, 16, 16, 16, 10)"
171,HMT,3.457428307768345e-06,0.003419860000576591,"(5, 8, 8, 8, 5)",6.0,tt_error_func,DenseGaussianDRM,24.0,,
172,STTA,2.9935605069600815e-06,0.02180947600027139,,6.0,tt_error_func,DenseGaussianDRM,24.0,"(5, 8, 8, 8, 5)","(10, 16, 16, 16, 10)"
173,HMT,1.549350326806161e-06,0.0027295160016365116,"(5, 8, 8, 8, 5)",6.0,tt_error_func,DenseGaussianDRM,25.0,,
174,STTA,1.282474901292826e-06,0.020962419999705162,,6.0,tt_error_func,DenseGaussianDRM,25.0,"(5, 8, 8, 8, 5)","(10, 16, 16, 16, 10)"
175,HMT,6.102657044621278e-07,0.0026872960006585345,"(5, 8, 8, 8, 5)",6.0,tt_error_func,DenseGaussianDRM,26.0,,
176,STTA,5.28923953143275e-06,0.019710652999492595,,6.0,tt_error_func,DenseGaussianDRM,26.0,"(5, 8, 8, 8, 5)","(10, 16, 16, 16, 10)"
177,HMT,5.819565698662141e-07,0.002694934999453835,"(5, 8, 8, 8, 5)",6.0,tt_error_func,DenseGaussianDRM,27.0,,
178,STTA,4.223212335861292e-06,0.020317656999395695,,6.0,tt_error_func,DenseGaussianDRM,27.0,"(5, 8, 8, 8, 5)","(10, 16, 16, 16, 10)"
179,HMT,2.9125863514102003e-06,0.0026902459994744277,"(5, 8, 8, 8, 5)",6.0,tt_error_func,DenseGaussianDRM,28.0,,
180,STTA,1.0869686039099632e-05,0.020019174999106326,,6.0,tt_error_func,DenseGaussianDRM,28.0,"(5, 8, 8, 8, 5)","(10, 16, 16, 16, 10)"
181,HMT,1.0218106468769368e-06,0.0032921190013439627,"(5, 8, 8, 8, 5)",6.0,tt_error_func,DenseGaussianDRM,29.0,,
182,STTA,2.434026088364767e-06,0.020073416000741418,,6.0,tt_error_func,DenseGaussianDRM,29.0,"(5, 8, 8, 8, 5)","(10, 16, 16, 16, 10)"
183,TT-SVD,9.491475415671265e-07,0.0008975350010587135,"(5, 8, 8, 8, 8, 5)",7.0,tt_error_func,,,,
184,HMT,5.695745867204331e-06,0.006969730000491836,"(5, 8, 8, 8, 8, 5)",7.0,tt_error_func,DenseGaussianDRM,0.0,,
185,STTA,4.718447321649981e-06,0.025241695999284275,,7.0,tt_error_func,DenseGaussianDRM,0.0,"(5, 8, 8, 8, 8, 5)","(10, 16, 16, 16, 16, 10)"
186,HMT,3.846844376755109e-06,0.007674534001125721,"(5, 8, 8, 8, 8, 5)",7.0,tt_error_func,DenseGaussianDRM,1.0,,
187,STTA,1.740657801722098e-05,0.024522960999092902,,7.0,tt_error_func,DenseGaussianDRM,1.0,"(5, 8, 8, 8, 8, 5)","(10, 16, 16, 16, 16, 10)"
188,HMT,1.8620990395380803e-05,0.006497435999335721,"(5, 8, 8, 8, 8, 5)",7.0,tt_error_func,DenseGaussianDRM,2.0,,
189,STTA,8.035599080159648e-06,0.024396979999437463,,7.0,tt_error_func,DenseGaussianDRM,2.0,"(5, 8, 8, 8, 8, 5)","(10, 16, 16, 16, 16, 10)"
190,HMT,7.674034013584951e-06,0.007792133999828366,"(5, 8, 8, 8, 8, 5)",7.0,tt_error_func,DenseGaussianDRM,3.0,,
191,STTA,1.0156025665320152e-05,0.0231598539994593,,7.0,tt_error_func,DenseGaussianDRM,3.0,"(5, 8, 8, 8, 8, 5)","(10, 16, 16, 16, 16, 10)"
192,HMT,2.71078191984279e-06,0.007234291999338893,"(5, 8, 8, 8, 8, 5)",7.0,tt_error_func,DenseGaussianDRM,4.0,,
193,STTA,1.5907901269002448e-05,0.023595824999574688,,7.0,tt_error_func,DenseGaussianDRM,4.0,"(5, 8, 8, 8, 8, 5)","(10, 16, 16, 16, 16, 10)"
194,HMT,1.0059360789676233e-05,0.006759378999049659,"(5, 8, 8, 8, 8, 5)",7.0,tt_error_func,DenseGaussianDRM,5.0,,
195,STTA,1.2304754253372712e-05,0.023737935998724424,,7.0,tt_error_func,DenseGaussianDRM,5.0,"(5, 8, 8, 8, 8, 5)","(10, 16, 16, 16, 16, 10)"
196,HMT,1.902168225818352e-05,0.00692730999980995,"(5, 8, 8, 8, 8, 5)",7.0,tt_error_func,DenseGaussianDRM,6.0,,
197,STTA,1.2402322620231402e-05,0.024099758999000187,,7.0,tt_error_func,DenseGaussianDRM,6.0,"(5, 8, 8, 8, 8, 5)","(10, 16, 16, 16, 16, 10)"
198,HMT,1.61456842364744e-05,0.008027195999602554,"(5, 8, 8, 8, 8, 5)",7.0,tt_error_func,DenseGaussianDRM,7.0,,
199,STTA,3.2679703096980915e-05,0.02440623999973468,,7.0,tt_error_func,DenseGaussianDRM,7.0,"(5, 8, 8, 8, 8, 5)","(10, 16, 16, 16, 16, 10)"
200,HMT,2.965828693822179e-06,0.008069647001320845,"(5, 8, 8, 8, 8, 5)",7.0,tt_error_func,DenseGaussianDRM,8.0,,
201,STTA,6.289665216613371e-06,0.024735031000091112,,7.0,tt_error_func,DenseGaussianDRM,8.0,"(5, 8, 8, 8, 8, 5)","(10, 16, 16, 16, 16, 10)"
202,HMT,6.3636507055725205e-06,0.006454648000726593,"(5, 8, 8, 8, 8, 5)",7.0,tt_error_func,DenseGaussianDRM,9.0,,
203,STTA,8.708305049183381e-06,0.023663766000026953,,7.0,tt_error_func,DenseGaussianDRM,9.0,"(5, 8, 8, 8, 8, 5)","(10, 16, 16, 16, 16, 10)"
204,HMT,5.046030209390525e-06,0.007251371000165818,"(5, 8, 8, 8, 8, 5)",7.0,tt_error_func,DenseGaussianDRM,10.0,,
205,STTA,1.1522353508971972e-05,0.025040854001417756,,7.0,tt_error_func,DenseGaussianDRM,10.0,"(5, 8, 8, 8, 8, 5)","(10, 16, 16, 16, 16, 10)"
206,HMT,3.2880325668231266e-06,0.008051567001530202,"(5, 8, 8, 8, 8, 5)",7.0,tt_error_func,DenseGaussianDRM,11.0,,
207,STTA,6.432050582464326e-06,0.023612584998772945,,7.0,tt_error_func,DenseGaussianDRM,11.0,"(5, 8, 8, 8, 8, 5)","(10, 16, 16, 16, 16, 10)"
208,HMT,2.528587968394744e-06,0.007656914000108372,"(5, 8, 8, 8, 8, 5)",7.0,tt_error_func,DenseGaussianDRM,12.0,,
209,STTA,9.762547515150775e-06,0.023925477999000577,,7.0,tt_error_func,DenseGaussianDRM,12.0,"(5, 8, 8, 8, 8, 5)","(10, 16, 16, 16, 16, 10)"
210,HMT,7.382643592153601e-06,0.007763734000036493,"(5, 8, 8, 8, 8, 5)",7.0,tt_error_func,DenseGaussianDRM,13.0,,
211,STTA,2.5572816729516213e-06,0.023591414999827975,,7.0,tt_error_func,DenseGaussianDRM,13.0,"(5, 8, 8, 8, 8, 5)","(10, 16, 16, 16, 16, 10)"
212,HMT,1.2584248137642647e-05,0.006836959000793286,"(5, 8, 8, 8, 8, 5)",7.0,tt_error_func,DenseGaussianDRM,14.0,,
213,STTA,8.282396628797602e-06,0.024122338998495252,,7.0,tt_error_func,DenseGaussianDRM,14.0,"(5, 8, 8, 8, 8, 5)","(10, 16, 16, 16, 16, 10)"
214,HMT,7.464249670123192e-06,0.008029365999391302,"(5, 8, 8, 8, 8, 5)",7.0,tt_error_func,DenseGaussianDRM,15.0,,
215,STTA,1.4658261262252042e-05,0.02452231099960045,,7.0,tt_error_func,DenseGaussianDRM,15.0,"(5, 8, 8, 8, 8, 5)","(10, 16, 16, 16, 16, 10)"
216,HMT,1.2263960460437465e-05,0.008083755999905406,"(5, 8, 8, 8, 8, 5)",7.0,tt_error_func,DenseGaussianDRM,16.0,,
217,STTA,4.532506525517207e-06,0.025384316000781837,,7.0,tt_error_func,DenseGaussianDRM,16.0,"(5, 8, 8, 8, 8, 5)","(10, 16, 16, 16, 16, 10)"
218,HMT,2.1461915881235775e-05,0.008065666001130012,"(5, 8, 8, 8, 8, 5)",7.0,tt_error_func,DenseGaussianDRM,17.0,,
219,STTA,6.0676329905692686e-06,0.024566179999965243,,7.0,tt_error_func,DenseGaussianDRM,17.0,"(5, 8, 8, 8, 8, 5)","(10, 16, 16, 16, 16, 10)"
220,HMT,2.7997183016117694e-06,0.006760528998711379,"(5, 8, 8, 8, 8, 5)",7.0,tt_error_func,DenseGaussianDRM,18.0,,
221,STTA,9.498043740473233e-06,0.02392896700075653,,7.0,tt_error_func,DenseGaussianDRM,18.0,"(5, 8, 8, 8, 8, 5)","(10, 16, 16, 16, 16, 10)"
222,HMT,6.3429277817368625e-06,0.007654062999790767,"(5, 8, 8, 8, 8, 5)",7.0,tt_error_func,DenseGaussianDRM,19.0,,
223,STTA,1.1372768289095609e-05,0.023701545998846996,,7.0,tt_error_func,DenseGaussianDRM,19.0,"(5, 8, 8, 8, 8, 5)","(10, 16, 16, 16, 16, 10)"
224,HMT,3.4099308717316637e-06,0.0064956070000334876,"(5, 8, 8, 8, 8, 5)",7.0,tt_error_func,DenseGaussianDRM,20.0,,
225,STTA,8.26166919435552e-06,0.0249370129986346,,7.0,tt_error_func,DenseGaussianDRM,20.0,"(5, 8, 8, 8, 8, 5)","(10, 16, 16, 16, 16, 10)"
226,HMT,1.194188477023603e-05,0.007582554000691744,"(5, 8, 8, 8, 8, 5)",7.0,tt_error_func,DenseGaussianDRM,21.0,,
227,STTA,9.946655483339798e-06,0.023656805000427994,,7.0,tt_error_func,DenseGaussianDRM,21.0,"(5, 8, 8, 8, 8, 5)","(10, 16, 16, 16, 16, 10)"
228,HMT,4.785201371285826e-06,0.0064087669998116326,"(5, 8, 8, 8, 8, 5)",7.0,tt_error_func,DenseGaussianDRM,22.0,,
229,STTA,2.7686037379663203e-05,0.02392145700105175,,7.0,tt_error_func,DenseGaussianDRM,22.0,"(5, 8, 8, 8, 8, 5)","(10, 16, 16, 16, 16, 10)"
230,HMT,1.0699827259279985e-05,0.007588313999804086,"(5, 8, 8, 8, 8, 5)",7.0,tt_error_func,DenseGaussianDRM,23.0,,
231,STTA,1.797225848049704e-05,0.023697356999036856,,7.0,tt_error_func,DenseGaussianDRM,23.0,"(5, 8, 8, 8, 8, 5)","(10, 16, 16, 16, 16, 10)"
232,HMT,9.458140349800338e-06,0.007118541001545964,"(5, 8, 8, 8, 8, 5)",7.0,tt_error_func,DenseGaussianDRM,24.0,,
233,STTA,1.3912374613785298e-05,0.023445103999620187,,7.0,tt_error_func,DenseGaussianDRM,24.0,"(5, 8, 8, 8, 8, 5)","(10, 16, 16, 16, 16, 10)"
234,HMT,1.588615793626231e-05,0.007569122999484534,"(5, 8, 8, 8, 8, 5)",7.0,tt_error_func,DenseGaussianDRM,25.0,,
235,STTA,4.358598150155559e-06,0.02417988900015189,,7.0,tt_error_func,DenseGaussianDRM,25.0,"(5, 8, 8, 8, 8, 5)","(10, 16, 16, 16, 16, 10)"
236,HMT,3.2979385683966363e-06,0.006771009999283706,"(5, 8, 8, 8, 8, 5)",7.0,tt_error_func,DenseGaussianDRM,26.0,,
237,STTA,4.641832026324425e-06,0.023750905998895178,,7.0,tt_error_func,DenseGaussianDRM,26.0,"(5, 8, 8, 8, 8, 5)","(10, 16, 16, 16, 16, 10)"
238,HMT,2.3818723594509017e-06,0.007049611000184086,"(5, 8, 8, 8, 8, 5)",7.0,tt_error_func,DenseGaussianDRM,27.0,,
239,STTA,5.521996460674152e-05,0.02473060200100008,,7.0,tt_error_func,DenseGaussianDRM,27.0,"(5, 8, 8, 8, 8, 5)","(10, 16, 16, 16, 16, 10)"
240,HMT,6.876807460919731e-06,0.007812133999323123,"(5, 8, 8, 8, 8, 5)",7.0,tt_error_func,DenseGaussianDRM,28.0,,
241,STTA,7.737231486565001e-06,0.024324959000296076,,7.0,tt_error_func,DenseGaussianDRM,28.0,"(5, 8, 8, 8, 8, 5)","(10, 16, 16, 16, 16, 10)"
242,HMT,5.540692252977234e-06,0.007213171000330476,"(5, 8, 8, 8, 8, 5)",7.0,tt_error_func,DenseGaussianDRM,29.0,,
243,STTA,1.5060603369674427e-05,0.02500979399883363,,7.0,tt_error_func,DenseGaussianDRM,29.0,"(5, 8, 8, 8, 8, 5)","(10, 16, 16, 16, 16, 10)"
244,TT-SVD,5.1533749359157035e-06,0.0011578569992707344,"(5, 8, 8, 8, 8, 8, 5)",8.0,tt_error_func,,,,
245,HMT,1.8354145841494962e-05,0.032624508001390495,"(5, 8, 8, 8, 8, 8, 5)",8.0,tt_error_func,DenseGaussianDRM,0.0,,
246,STTA,2.8423803452887282e-05,0.02689387400096166,,8.0,tt_error_func,DenseGaussianDRM,0.0,"(5, 8, 8, 8, 8, 8, 5)","(10, 16, 16, 16, 16, 16, 10)"
247,HMT,1.761573370202191e-05,0.028177091999168624,"(5, 8, 8, 8, 8, 8, 5)",8.0,tt_error_func,DenseGaussianDRM,1.0,,
248,STTA,3.938157562500748e-05,0.028426662998754182,,8.0,tt_error_func,DenseGaussianDRM,1.0,"(5, 8, 8, 8, 8, 8, 5)","(10, 16, 16, 16, 16, 16, 10)"
249,HMT,2.8180389269771038e-05,0.02727132699874346,"(5, 8, 8, 8, 8, 8, 5)",8.0,tt_error_func,DenseGaussianDRM,2.0,,
250,STTA,1.9052475887337908e-05,0.028259431999686058,,8.0,tt_error_func,DenseGaussianDRM,2.0,"(5, 8, 8, 8, 8, 8, 5)","(10, 16, 16, 16, 16, 16, 10)"
251,HMT,1.2476181021566918e-05,0.025872088999676635,"(5, 8, 8, 8, 8, 8, 5)",8.0,tt_error_func,DenseGaussianDRM,3.0,,
252,STTA,4.333933461805025e-05,0.029144967998945503,,8.0,tt_error_func,DenseGaussianDRM,3.0,"(5, 8, 8, 8, 8, 8, 5)","(10, 16, 16, 16, 16, 16, 10)"
253,HMT,3.420966287686393e-05,0.02873868599999696,"(5, 8, 8, 8, 8, 8, 5)",8.0,tt_error_func,DenseGaussianDRM,4.0,,
254,STTA,3.146673282078247e-05,0.02813042199886695,,8.0,tt_error_func,DenseGaussianDRM,4.0,"(5, 8, 8, 8, 8, 8, 5)","(10, 16, 16, 16, 16, 16, 10)"
255,HMT,1.6563985039673277e-05,0.032931330000792514,"(5, 8, 8, 8, 8, 8, 5)",8.0,tt_error_func,DenseGaussianDRM,5.0,,
256,STTA,5.281904458814118e-05,0.028423734000170953,,8.0,tt_error_func,DenseGaussianDRM,5.0,"(5, 8, 8, 8, 8, 8, 5)","(10, 16, 16, 16, 16, 16, 10)"
257,HMT,2.8211365198809986e-05,0.027524228000402218,"(5, 8, 8, 8, 8, 8, 5)",8.0,tt_error_func,DenseGaussianDRM,6.0,,
258,STTA,5.1154586944491096e-05,0.027643399000226054,,8.0,tt_error_func,DenseGaussianDRM,6.0,"(5, 8, 8, 8, 8, 8, 5)","(10, 16, 16, 16, 16, 16, 10)"
259,HMT,1.8540053232548004e-05,0.028135110998846358,"(5, 8, 8, 8, 8, 8, 5)",8.0,tt_error_func,DenseGaussianDRM,7.0,,
260,STTA,6.0973195757328154e-05,0.027782189999925322,,8.0,tt_error_func,DenseGaussianDRM,7.0,"(5, 8, 8, 8, 8, 8, 5)","(10, 16, 16, 16, 16, 16, 10)"
261,HMT,0.00015697196466079701,0.02682253400053014,"(5, 8, 8, 8, 8, 8, 5)",8.0,tt_error_func,DenseGaussianDRM,8.0,,
262,STTA,3.713226225129737e-05,0.02987797099922318,,8.0,tt_error_func,DenseGaussianDRM,8.0,"(5, 8, 8, 8, 8, 8, 5)","(10, 16, 16, 16, 16, 16, 10)"
263,HMT,4.00613758603059e-05,0.028046411000104854,"(5, 8, 8, 8, 8, 8, 5)",8.0,tt_error_func,DenseGaussianDRM,9.0,,
264,STTA,0.00011105117161110567,0.028740404999552993,,8.0,tt_error_func,DenseGaussianDRM,9.0,"(5, 8, 8, 8, 8, 8, 5)","(10, 16, 16, 16, 16, 16, 10)"
265,HMT,2.6763559126958055e-05,0.03296872999999323,"(5, 8, 8, 8, 8, 8, 5)",8.0,tt_error_func,DenseGaussianDRM,10.0,,
266,STTA,4.2908754843980016e-05,0.03160254199974588,,8.0,tt_error_func,DenseGaussianDRM,10.0,"(5, 8, 8, 8, 8, 8, 5)","(10, 16, 16, 16, 16, 16, 10)"
267,HMT,1.1991722999588271e-05,0.0270316450005339,"(5, 8, 8, 8, 8, 8, 5)",8.0,tt_error_func,DenseGaussianDRM,11.0,,
268,STTA,3.7070964347965275e-05,0.02837458300018625,,8.0,tt_error_func,DenseGaussianDRM,11.0,"(5, 8, 8, 8, 8, 8, 5)","(10, 16, 16, 16, 16, 16, 10)"
269,HMT,6.60879408482585e-05,0.03273072900083207,"(5, 8, 8, 8, 8, 8, 5)",8.0,tt_error_func,DenseGaussianDRM,12.0,,
270,STTA,7.128656907714817e-05,0.029665002000911045,,8.0,tt_error_func,DenseGaussianDRM,12.0,"(5, 8, 8, 8, 8, 8, 5)","(10, 16, 16, 16, 16, 16, 10)"
271,HMT,3.663919715692647e-05,0.03439219699976093,"(5, 8, 8, 8, 8, 8, 5)",8.0,tt_error_func,DenseGaussianDRM,13.0,,
272,STTA,5.3464857712239545e-05,0.02850227300041297,,8.0,tt_error_func,DenseGaussianDRM,13.0,"(5, 8, 8, 8, 8, 8, 5)","(10, 16, 16, 16, 16, 16, 10)"
273,HMT,1.488515867233838e-05,0.03372066399970208,"(5, 8, 8, 8, 8, 8, 5)",8.0,tt_error_func,DenseGaussianDRM,14.0,,
274,STTA,2.7064046156037167e-05,0.030576605999158346,,8.0,tt_error_func,DenseGaussianDRM,14.0,"(5, 8, 8, 8, 8, 8, 5)","(10, 16, 16, 16, 16, 16, 10)"
275,HMT,4.073283665009481e-05,0.030673666999064153,"(5, 8, 8, 8, 8, 8, 5)",8.0,tt_error_func,DenseGaussianDRM,15.0,,
276,STTA,3.6363772188942404e-05,0.02889380600026925,,8.0,tt_error_func,DenseGaussianDRM,15.0,"(5, 8, 8, 8, 8, 8, 5)","(10, 16, 16, 16, 16, 16, 10)"
277,HMT,1.8305497592660765e-05,0.026870133999182144,"(5, 8, 8, 8, 8, 8, 5)",8.0,tt_error_func,DenseGaussianDRM,16.0,,
278,STTA,2.7722819522928743e-05,0.028764425000190386,,8.0,tt_error_func,DenseGaussianDRM,16.0,"(5, 8, 8, 8, 8, 8, 5)","(10, 16, 16, 16, 16, 16, 10)"
279,HMT,3.4536792962998963e-05,0.027929709998716135,"(5, 8, 8, 8, 8, 8, 5)",8.0,tt_error_func,DenseGaussianDRM,17.0,,
280,STTA,8.968086824658839e-05,0.03028910400098539,,8.0,tt_error_func,DenseGaussianDRM,17.0,"(5, 8, 8, 8, 8, 8, 5)","(10, 16, 16, 16, 16, 16, 10)"
281,HMT,5.291686570917899e-05,0.032337284999812255,"(5, 8, 8, 8, 8, 8, 5)",8.0,tt_error_func,DenseGaussianDRM,18.0,,
282,STTA,7.884674199278587e-05,0.03128900899901055,,8.0,tt_error_func,DenseGaussianDRM,18.0,"(5, 8, 8, 8, 8, 8, 5)","(10, 16, 16, 16, 16, 16, 10)"
283,HMT,2.6789649211953325e-05,0.032150035000086064,"(5, 8, 8, 8, 8, 8, 5)",8.0,tt_error_func,DenseGaussianDRM,19.0,,
284,STTA,8.012234092719343e-05,0.030825715999526437,,8.0,tt_error_func,DenseGaussianDRM,19.0,"(5, 8, 8, 8, 8, 8, 5)","(10, 16, 16, 16, 16, 16, 10)"
285,HMT,5.9473907888081484e-05,0.032259884999803035,"(5, 8, 8, 8, 8, 8, 5)",8.0,tt_error_func,DenseGaussianDRM,20.0,,
286,STTA,9.502057869741062e-05,0.0306520760004787,,8.0,tt_error_func,DenseGaussianDRM,20.0,"(5, 8, 8, 8, 8, 8, 5)","(10, 16, 16, 16, 16, 16, 10)"
287,HMT,2.102894812518975e-05,0.03245342599984724,"(5, 8, 8, 8, 8, 8, 5)",8.0,tt_error_func,DenseGaussianDRM,21.0,,
288,STTA,5.582718600671631e-05,0.030272464000518085,,8.0,tt_error_func,DenseGaussianDRM,21.0,"(5, 8, 8, 8, 8, 8, 5)","(10, 16, 16, 16, 16, 16, 10)"
289,HMT,5.493801131416664e-05,0.03257292799935385,"(5, 8, 8, 8, 8, 8, 5)",8.0,tt_error_func,DenseGaussianDRM,22.0,,
290,STTA,2.7465576964009144e-05,0.030625654999312246,,8.0,tt_error_func,DenseGaussianDRM,22.0,"(5, 8, 8, 8, 8, 8, 5)","(10, 16, 16, 16, 16, 16, 10)"
291,HMT,1.9637116775695537e-05,0.03236580500015407,"(5, 8, 8, 8, 8, 8, 5)",8.0,tt_error_func,DenseGaussianDRM,23.0,,
292,STTA,5.998980618397462e-05,0.0318254319990956,,8.0,tt_error_func,DenseGaussianDRM,23.0,"(5, 8, 8, 8, 8, 8, 5)","(10, 16, 16, 16, 16, 16, 10)"
293,HMT,1.4711561836434896e-05,0.0325826070002222,"(5, 8, 8, 8, 8, 8, 5)",8.0,tt_error_func,DenseGaussianDRM,24.0,,
294,STTA,3.129812719063156e-05,0.030205813000065973,,8.0,tt_error_func,DenseGaussianDRM,24.0,"(5, 8, 8, 8, 8, 8, 5)","(10, 16, 16, 16, 16, 16, 10)"
295,HMT,3.570448018215035e-05,0.03215822499987553,"(5, 8, 8, 8, 8, 8, 5)",8.0,tt_error_func,DenseGaussianDRM,25.0,,
296,STTA,6.046717472244705e-05,0.029425529999571154,,8.0,tt_error_func,DenseGaussianDRM,25.0,"(5, 8, 8, 8, 8, 8, 5)","(10, 16, 16, 16, 16, 16, 10)"
297,HMT,8.377157660852709e-05,0.02681522400052927,"(5, 8, 8, 8, 8, 8, 5)",8.0,tt_error_func,DenseGaussianDRM,26.0,,
298,STTA,0.00016041239981982495,0.028594733999852906,,8.0,tt_error_func,DenseGaussianDRM,26.0,"(5, 8, 8, 8, 8, 8, 5)","(10, 16, 16, 16, 16, 16, 10)"
299,HMT,2.9565409307146047e-05,0.02681053400010569,"(5, 8, 8, 8, 8, 8, 5)",8.0,tt_error_func,DenseGaussianDRM,27.0,,
300,STTA,3.443105673729976e-05,0.027963581000221893,,8.0,tt_error_func,DenseGaussianDRM,27.0,"(5, 8, 8, 8, 8, 8, 5)","(10, 16, 16, 16, 16, 16, 10)"
301,HMT,4.031909747833392e-05,0.026925545000267448,"(5, 8, 8, 8, 8, 8, 5)",8.0,tt_error_func,DenseGaussianDRM,28.0,,
302,STTA,0.0002710678483336362,0.02813419199992495,,8.0,tt_error_func,DenseGaussianDRM,28.0,"(5, 8, 8, 8, 8, 8, 5)","(10, 16, 16, 16, 16, 16, 10)"
303,HMT,3.7695428854188934e-05,0.0256585469996935,"(5, 8, 8, 8, 8, 8, 5)",8.0,tt_error_func,DenseGaussianDRM,29.0,,
304,STTA,0.0001059208863759704,0.028674915000010515,,8.0,tt_error_func,DenseGaussianDRM,29.0,"(5, 8, 8, 8, 8, 8, 5)","(10, 16, 16, 16, 16, 16, 10)"
305,TT-SVD,1.5085576042167788e-05,0.0013657879990205402,"(5, 8, 8, 8, 8, 8, 8, 5)",9.0,tt_error_func,,,,
306,HMT,9.661286984457135e-05,0.12863737699990452,"(5, 8, 8, 8, 8, 8, 8, 5)",9.0,tt_error_func,DenseGaussianDRM,0.0,,
307,STTA,0.0005695640893629336,0.03388907500084315,,9.0,tt_error_func,DenseGaussianDRM,0.0,"(5, 8, 8, 8, 8, 8, 8, 5)","(10, 16, 16, 16, 16, 16, 16, 10)"
308,HMT,6.516117329206288e-05,0.13310399200054235,"(5, 8, 8, 8, 8, 8, 8, 5)",9.0,tt_error_func,DenseGaussianDRM,1.0,,
309,STTA,0.00010787646803919962,0.034310906999962754,,9.0,tt_error_func,DenseGaussianDRM,1.0,"(5, 8, 8, 8, 8, 8, 8, 5)","(10, 16, 16, 16, 16, 16, 16, 10)"
310,HMT,0.00010102231678032717,0.1374970979995851,"(5, 8, 8, 8, 8, 8, 8, 5)",9.0,tt_error_func,DenseGaussianDRM,2.0,,
311,STTA,0.00013009678096558607,0.034995971000171266,,9.0,tt_error_func,DenseGaussianDRM,2.0,"(5, 8, 8, 8, 8, 8, 8, 5)","(10, 16, 16, 16, 16, 16, 16, 10)"
312,HMT,0.00010050704222945819,0.13849652399949264,"(5, 8, 8, 8, 8, 8, 8, 5)",9.0,tt_error_func,DenseGaussianDRM,3.0,,
313,STTA,6.6565709754147e-05,0.036298348000855185,,9.0,tt_error_func,DenseGaussianDRM,3.0,"(5, 8, 8, 8, 8, 8, 8, 5)","(10, 16, 16, 16, 16, 16, 16, 10)"
314,HMT,0.00010981445781816381,0.14134287900014897,"(5, 8, 8, 8, 8, 8, 8, 5)",9.0,tt_error_func,DenseGaussianDRM,4.0,,
315,STTA,0.0001049688201753852,0.03460640899902501,,9.0,tt_error_func,DenseGaussianDRM,4.0,"(5, 8, 8, 8, 8, 8, 8, 5)","(10, 16, 16, 16, 16, 16, 16, 10)"
316,HMT,0.0006546856558157534,0.12406480999925407,"(5, 8, 8, 8, 8, 8, 8, 5)",9.0,tt_error_func,DenseGaussianDRM,5.0,,
317,STTA,0.0003050120675955687,0.030946487000619527,,9.0,tt_error_func,DenseGaussianDRM,5.0,"(5, 8, 8, 8, 8, 8, 8, 5)","(10, 16, 16, 16, 16, 16, 16, 10)"
318,HMT,6.821907775834633e-05,0.10845680100101163,"(5, 8, 8, 8, 8, 8, 8, 5)",9.0,tt_error_func,DenseGaussianDRM,6.0,,
319,STTA,0.00015110101431851605,0.03087579699968046,,9.0,tt_error_func,DenseGaussianDRM,6.0,"(5, 8, 8, 8, 8, 8, 8, 5)","(10, 16, 16, 16, 16, 16, 16, 10)"
320,HMT,7.151508157765144e-05,0.10809368000082031,"(5, 8, 8, 8, 8, 8, 8, 5)",9.0,tt_error_func,DenseGaussianDRM,7.0,,
321,STTA,7.625956070533414e-05,0.0345707879987458,,9.0,tt_error_func,DenseGaussianDRM,7.0,"(5, 8, 8, 8, 8, 8, 8, 5)","(10, 16, 16, 16, 16, 16, 16, 10)"
322,HMT,5.1658919233094874e-05,0.1467836610008817,"(5, 8, 8, 8, 8, 8, 8, 5)",9.0,tt_error_func,DenseGaussianDRM,8.0,,
323,STTA,0.0007691380894366294,0.0343152370005555,,9.0,tt_error_func,DenseGaussianDRM,8.0,"(5, 8, 8, 8, 8, 8, 8, 5)","(10, 16, 16, 16, 16, 16, 16, 10)"
324,HMT,0.0001510156243740683,0.14175215099930938,"(5, 8, 8, 8, 8, 8, 8, 5)",9.0,tt_error_func,DenseGaussianDRM,9.0,,
325,STTA,0.00018645942278780524,0.036619769998651464,,9.0,tt_error_func,DenseGaussianDRM,9.0,"(5, 8, 8, 8, 8, 8, 8, 5)","(10, 16, 16, 16, 16, 16, 16, 10)"
326,HMT,6.93533092665953e-05,0.14449759700073628,"(5, 8, 8, 8, 8, 8, 8, 5)",9.0,tt_error_func,DenseGaussianDRM,10.0,,
327,STTA,0.00021990974544305433,0.03373317299883638,,9.0,tt_error_func,DenseGaussianDRM,10.0,"(5, 8, 8, 8, 8, 8, 8, 5)","(10, 16, 16, 16, 16, 16, 16, 10)"
328,HMT,4.946063831046064e-05,0.12139322500115668,"(5, 8, 8, 8, 8, 8, 8, 5)",9.0,tt_error_func,DenseGaussianDRM,11.0,,
329,STTA,9.111073780318886e-05,0.03431738600011158,,9.0,tt_error_func,DenseGaussianDRM,11.0,"(5, 8, 8, 8, 8, 8, 8, 5)","(10, 16, 16, 16, 16, 16, 16, 10)"
330,HMT,7.965496382053835e-05,0.12152201600110857,"(5, 8, 8, 8, 8, 8, 8, 5)",9.0,tt_error_func,DenseGaussianDRM,12.0,,
331,STTA,0.00012524021754055972,0.03232826400017075,,9.0,tt_error_func,DenseGaussianDRM,12.0,"(5, 8, 8, 8, 8, 8, 8, 5)","(10, 16, 16, 16, 16, 16, 16, 10)"
332,HMT,5.4410037886462037e-05,0.12243047199990542,"(5, 8, 8, 8, 8, 8, 8, 5)",9.0,tt_error_func,DenseGaussianDRM,13.0,,
333,STTA,0.00010894561967239191,0.03368616300031135,,9.0,tt_error_func,DenseGaussianDRM,13.0,"(5, 8, 8, 8, 8, 8, 8, 5)","(10, 16, 16, 16, 16, 16, 16, 10)"
334,HMT,0.00013430780097503382,0.13968942999963474,"(5, 8, 8, 8, 8, 8, 8, 5)",9.0,tt_error_func,DenseGaussianDRM,14.0,,
335,STTA,0.00011054098584185565,0.035647833999973955,,9.0,tt_error_func,DenseGaussianDRM,14.0,"(5, 8, 8, 8, 8, 8, 8, 5)","(10, 16, 16, 16, 16, 16, 16, 10)"
336,HMT,4.9104328891625654e-05,0.1382821019997209,"(5, 8, 8, 8, 8, 8, 8, 5)",9.0,tt_error_func,DenseGaussianDRM,15.0,,
337,STTA,0.0001702609952069901,0.0343437069986976,,9.0,tt_error_func,DenseGaussianDRM,15.0,"(5, 8, 8, 8, 8, 8, 8, 5)","(10, 16, 16, 16, 16, 16, 16, 10)"
338,HMT,7.052495537480294e-05,0.13925414599907526,"(5, 8, 8, 8, 8, 8, 8, 5)",9.0,tt_error_func,DenseGaussianDRM,16.0,,
339,STTA,0.00044594505883208276,0.04006163899975945,,9.0,tt_error_func,DenseGaussianDRM,16.0,"(5, 8, 8, 8, 8, 8, 8, 5)","(10, 16, 16, 16, 16, 16, 16, 10)"
340,HMT,7.511285394282674e-05,0.14063599399923987,"(5, 8, 8, 8, 8, 8, 8, 5)",9.0,tt_error_func,DenseGaussianDRM,17.0,,
341,STTA,6.223495837167038e-05,0.035198831001252984,,9.0,tt_error_func,DenseGaussianDRM,17.0,"(5, 8, 8, 8, 8, 8, 8, 5)","(10, 16, 16, 16, 16, 16, 16, 10)"
342,HMT,5.7676609668901336e-05,0.116388836000624,"(5, 8, 8, 8, 8, 8, 8, 5)",9.0,tt_error_func,DenseGaussianDRM,18.0,,
343,STTA,0.00012448525989939972,0.032340615000066464,,9.0,tt_error_func,DenseGaussianDRM,18.0,"(5, 8, 8, 8, 8, 8, 8, 5)","(10, 16, 16, 16, 16, 16, 16, 10)"
344,HMT,6.031666500276183e-05,0.13644657999975607,"(5, 8, 8, 8, 8, 8, 8, 5)",9.0,tt_error_func,DenseGaussianDRM,19.0,,
345,STTA,7.62342465824687e-05,0.0333093919998646,,9.0,tt_error_func,DenseGaussianDRM,19.0,"(5, 8, 8, 8, 8, 8, 8, 5)","(10, 16, 16, 16, 16, 16, 16, 10)"
346,HMT,0.0001556048008021224,0.12012971700096386,"(5, 8, 8, 8, 8, 8, 8, 5)",9.0,tt_error_func,DenseGaussianDRM,20.0,,
347,STTA,9.922221636375716e-05,0.03248061600061192,,9.0,tt_error_func,DenseGaussianDRM,20.0,"(5, 8, 8, 8, 8, 8, 8, 5)","(10, 16, 16, 16, 16, 16, 16, 10)"
348,HMT,4.765711567208772e-05,0.1144916250013921,"(5, 8, 8, 8, 8, 8, 8, 5)",9.0,tt_error_func,DenseGaussianDRM,21.0,,
349,STTA,0.00017036692078071817,0.03403681500094535,,9.0,tt_error_func,DenseGaussianDRM,21.0,"(5, 8, 8, 8, 8, 8, 8, 5)","(10, 16, 16, 16, 16, 16, 16, 10)"
350,HMT,4.038510143491972e-05,0.11579178200008755,"(5, 8, 8, 8, 8, 8, 8, 5)",9.0,tt_error_func,DenseGaussianDRM,22.0,,
351,STTA,5.403421383563658e-05,0.03352189200086286,,9.0,tt_error_func,DenseGaussianDRM,22.0,"(5, 8, 8, 8, 8, 8, 8, 5)","(10, 16, 16, 16, 16, 16, 16, 10)"
352,HMT,4.8929809151868106e-05,0.11855737800033239,"(5, 8, 8, 8, 8, 8, 8, 5)",9.0,tt_error_func,DenseGaussianDRM,23.0,,
353,STTA,8.183736660314546e-05,0.03224986399982299,,9.0,tt_error_func,DenseGaussianDRM,23.0,"(5, 8, 8, 8, 8, 8, 8, 5)","(10, 16, 16, 16, 16, 16, 16, 10)"
354,HMT,0.00012843196117906733,0.1185433370010287,"(5, 8, 8, 8, 8, 8, 8, 5)",9.0,tt_error_func,DenseGaussianDRM,24.0,,
355,STTA,4.4620422809744914e-05,0.03253006599879882,,9.0,tt_error_func,DenseGaussianDRM,24.0,"(5, 8, 8, 8, 8, 8, 8, 5)","(10, 16, 16, 16, 16, 16, 16, 10)"
356,HMT,9.135873350453588e-05,0.13994443000046886,"(5, 8, 8, 8, 8, 8, 8, 5)",9.0,tt_error_func,DenseGaussianDRM,25.0,,
357,STTA,0.00017568273121814387,0.03390223300084472,,9.0,tt_error_func,DenseGaussianDRM,25.0,"(5, 8, 8, 8, 8, 8, 8, 5)","(10, 16, 16, 16, 16, 16, 16, 10)"
358,HMT,0.00012605844863723965,0.11105980400134285,"(5, 8, 8, 8, 8, 8, 8, 5)",9.0,tt_error_func,DenseGaussianDRM,26.0,,
359,STTA,0.00011125563136140476,0.033388321000529686,,9.0,tt_error_func,DenseGaussianDRM,26.0,"(5, 8, 8, 8, 8, 8, 8, 5)","(10, 16, 16, 16, 16, 16, 16, 10)"
360,HMT,4.1529973551184054e-05,0.1399822299990774,"(5, 8, 8, 8, 8, 8, 8, 5)",9.0,tt_error_func,DenseGaussianDRM,27.0,,
361,STTA,7.166923323228119e-05,0.034460827000657446,,9.0,tt_error_func,DenseGaussianDRM,27.0,"(5, 8, 8, 8, 8, 8, 8, 5)","(10, 16, 16, 16, 16, 16, 16, 10)"
362,HMT,0.00012369170074392655,0.14302290799969342,"(5, 8, 8, 8, 8, 8, 8, 5)",9.0,tt_error_func,DenseGaussianDRM,28.0,,
363,STTA,6.82161921003907e-05,0.0361160779993952,,9.0,tt_error_func,DenseGaussianDRM,28.0,"(5, 8, 8, 8, 8, 8, 8, 5)","(10, 16, 16, 16, 16, 16, 16, 10)"
364,HMT,6.382505345228037e-05,0.13936484599980759,"(5, 8, 8, 8, 8, 8, 8, 5)",9.0,tt_error_func,DenseGaussianDRM,29.0,,
365,STTA,0.00019478732803457734,0.034801759000401944,,9.0,tt_error_func,DenseGaussianDRM,29.0,"(5, 8, 8, 8, 8, 8, 8, 5)","(10, 16, 16, 16, 16, 16, 16, 10)"
366,TT-SVD,1.3029666576159524e-05,0.001575979000335792,"(5, 8, 8, 8, 8, 8, 8, 8, 5)",10.0,tt_error_func,,,,
367,HMT,4.102496940303189e-05,0.567221339999378,"(5, 8, 8, 8, 8, 8, 8, 8, 5)",10.0,tt_error_func,DenseGaussianDRM,0.0,,
368,STTA,7.010339095136882e-05,0.03548267199948896,,10.0,tt_error_func,DenseGaussianDRM,0.0,"(5, 8, 8, 8, 8, 8, 8, 8, 5)","(10, 16, 16, 16, 16, 16, 16, 16, 10)"
369,HMT,6.52135239642195e-05,0.5402394630000344,"(5, 8, 8, 8, 8, 8, 8, 8, 5)",10.0,tt_error_func,DenseGaussianDRM,1.0,,
370,STTA,0.00013092531807741285,0.03633316699961142,,10.0,tt_error_func,DenseGaussianDRM,1.0,"(5, 8, 8, 8, 8, 8, 8, 8, 5)","(10, 16, 16, 16, 16, 16, 16, 16, 10)"
371,HMT,6.164275366408508e-05,0.5439063740013808,"(5, 8, 8, 8, 8, 8, 8, 8, 5)",10.0,tt_error_func,DenseGaussianDRM,2.0,,
372,STTA,5.7240257963546656e-05,0.037162892000196734,,10.0,tt_error_func,DenseGaussianDRM,2.0,"(5, 8, 8, 8, 8, 8, 8, 8, 5)","(10, 16, 16, 16, 16, 16, 16, 16, 10)"
373,HMT,5.6966564818859926e-05,0.5248123739984294,"(5, 8, 8, 8, 8, 8, 8, 8, 5)",10.0,tt_error_func,DenseGaussianDRM,3.0,,
374,STTA,9.831747050438637e-05,0.03580920300009893,,10.0,tt_error_func,DenseGaussianDRM,3.0,"(5, 8, 8, 8, 8, 8, 8, 8, 5)","(10, 16, 16, 16, 16, 16, 16, 16, 10)"
375,HMT,0.00015512893030626874,0.5509891940000671,"(5, 8, 8, 8, 8, 8, 8, 8, 5)",10.0,tt_error_func,DenseGaussianDRM,4.0,,
376,STTA,0.00016302330393057674,0.03496665000056964,,10.0,tt_error_func,DenseGaussianDRM,4.0,"(5, 8, 8, 8, 8, 8, 8, 8, 5)","(10, 16, 16, 16, 16, 16, 16, 16, 10)"
377,HMT,9.322079660042577e-05,0.536228155999197,"(5, 8, 8, 8, 8, 8, 8, 8, 5)",10.0,tt_error_func,DenseGaussianDRM,5.0,,
378,STTA,9.094182442641923e-05,0.035696662998816464,,10.0,tt_error_func,DenseGaussianDRM,5.0,"(5, 8, 8, 8, 8, 8, 8, 8, 5)","(10, 16, 16, 16, 16, 16, 16, 16, 10)"
379,HMT,5.7406210620228085e-05,0.5392915730008099,"(5, 8, 8, 8, 8, 8, 8, 8, 5)",10.0,tt_error_func,DenseGaussianDRM,6.0,,
380,STTA,0.000140536778614094,0.03535069099962129,,10.0,tt_error_func,DenseGaussianDRM,6.0,"(5, 8, 8, 8, 8, 8, 8, 8, 5)","(10, 16, 16, 16, 16, 16, 16, 16, 10)"
381,HMT,0.00025227307820924395,0.5363082960011525,"(5, 8, 8, 8, 8, 8, 8, 8, 5)",10.0,tt_error_func,DenseGaussianDRM,7.0,,
382,STTA,6.706196621058917e-05,0.035864384000888094,,10.0,tt_error_func,DenseGaussianDRM,7.0,"(5, 8, 8, 8, 8, 8, 8, 8, 5)","(10, 16, 16, 16, 16, 16, 16, 16, 10)"
383,HMT,0.00010297662026853898,0.524299364999024,"(5, 8, 8, 8, 8, 8, 8, 8, 5)",10.0,tt_error_func,DenseGaussianDRM,8.0,,
384,STTA,5.971356667295036e-05,0.03587792399957834,,10.0,tt_error_func,DenseGaussianDRM,8.0,"(5, 8, 8, 8, 8, 8, 8, 8, 5)","(10, 16, 16, 16, 16, 16, 16, 16, 10)"
385,HMT,8.559351231227246e-05,0.5322253600006661,"(5, 8, 8, 8, 8, 8, 8, 8, 5)",10.0,tt_error_func,DenseGaussianDRM,9.0,,
386,STTA,6.501171572809439e-05,0.03500978999909421,,10.0,tt_error_func,DenseGaussianDRM,9.0,"(5, 8, 8, 8, 8, 8, 8, 8, 5)","(10, 16, 16, 16, 16, 16, 16, 16, 10)"
387,HMT,7.797660393791345e-05,0.5309547109991399,"(5, 8, 8, 8, 8, 8, 8, 8, 5)",10.0,tt_error_func,DenseGaussianDRM,10.0,,
388,STTA,0.0001144889438692829,0.03607201600061671,,10.0,tt_error_func,DenseGaussianDRM,10.0,"(5, 8, 8, 8, 8, 8, 8, 8, 5)","(10, 16, 16, 16, 16, 16, 16, 16, 10)"
389,HMT,4.760936789652007e-05,0.5539902099990286,"(5, 8, 8, 8, 8, 8, 8, 8, 5)",10.0,tt_error_func,DenseGaussianDRM,11.0,,
390,STTA,0.00023110304766759264,0.0363963279996824,,10.0,tt_error_func,DenseGaussianDRM,11.0,"(5, 8, 8, 8, 8, 8, 8, 8, 5)","(10, 16, 16, 16, 16, 16, 16, 16, 10)"
391,HMT,9.58356173329312e-05,0.5456550929993682,"(5, 8, 8, 8, 8, 8, 8, 8, 5)",10.0,tt_error_func,DenseGaussianDRM,12.0,,
392,STTA,0.00022047215020202336,0.03591065399996296,,10.0,tt_error_func,DenseGaussianDRM,12.0,"(5, 8, 8, 8, 8, 8, 8, 8, 5)","(10, 16, 16, 16, 16, 16, 16, 16, 10)"
393,HMT,4.1734822303941245e-05,0.5443423029992118,"(5, 8, 8, 8, 8, 8, 8, 8, 5)",10.0,tt_error_func,DenseGaussianDRM,13.0,,
394,STTA,0.00011390038209268539,0.03559524299998884,,10.0,tt_error_func,DenseGaussianDRM,13.0,"(5, 8, 8, 8, 8, 8, 8, 8, 5)","(10, 16, 16, 16, 16, 16, 16, 16, 10)"
395,HMT,6.036198086840903e-05,0.5310928759990929,"(5, 8, 8, 8, 8, 8, 8, 8, 5)",10.0,tt_error_func,DenseGaussianDRM,14.0,,
396,STTA,0.00019128920142873099,0.03493138699923293,,10.0,tt_error_func,DenseGaussianDRM,14.0,"(5, 8, 8, 8, 8, 8, 8, 8, 5)","(10, 16, 16, 16, 16, 16, 16, 16, 10)"
397,HMT,5.9134284946533145e-05,0.5331855569984327,"(5, 8, 8, 8, 8, 8, 8, 8, 5)",10.0,tt_error_func,DenseGaussianDRM,15.0,,
398,STTA,7.667334964830394e-05,0.035575953001171,,10.0,tt_error_func,DenseGaussianDRM,15.0,"(5, 8, 8, 8, 8, 8, 8, 8, 5)","(10, 16, 16, 16, 16, 16, 16, 16, 10)"
399,HMT,8.893173714584766e-05,0.5214185299992096,"(5, 8, 8, 8, 8, 8, 8, 8, 5)",10.0,tt_error_func,DenseGaussianDRM,16.0,,
400,STTA,7.122437812417639e-05,0.03529908000018622,,10.0,tt_error_func,DenseGaussianDRM,16.0,"(5, 8, 8, 8, 8, 8, 8, 8, 5)","(10, 16, 16, 16, 16, 16, 16, 16, 10)"
401,HMT,0.0006646776534639622,0.5056878490013332,"(5, 8, 8, 8, 8, 8, 8, 8, 5)",10.0,tt_error_func,DenseGaussianDRM,17.0,,
402,STTA,0.0001760855994667145,0.03456858800018381,,10.0,tt_error_func,DenseGaussianDRM,17.0,"(5, 8, 8, 8, 8, 8, 8, 8, 5)","(10, 16, 16, 16, 16, 16, 16, 16, 10)"
403,HMT,8.101225152218453e-05,0.5173973660002957,"(5, 8, 8, 8, 8, 8, 8, 8, 5)",10.0,tt_error_func,DenseGaussianDRM,18.0,,
404,STTA,8.779148520872236e-05,0.03418269500070892,,10.0,tt_error_func,DenseGaussianDRM,18.0,"(5, 8, 8, 8, 8, 8, 8, 8, 5)","(10, 16, 16, 16, 16, 16, 16, 16, 10)"
405,HMT,3.678093836746589e-05,0.5250295580008242,"(5, 8, 8, 8, 8, 8, 8, 8, 5)",10.0,tt_error_func,DenseGaussianDRM,19.0,,
406,STTA,9.379038112992789e-05,0.03365009000117425,,10.0,tt_error_func,DenseGaussianDRM,19.0,"(5, 8, 8, 8, 8, 8, 8, 8, 5)","(10, 16, 16, 16, 16, 16, 16, 16, 10)"
407,HMT,2.9220164857798882e-05,0.5194364930011943,"(5, 8, 8, 8, 8, 8, 8, 8, 5)",10.0,tt_error_func,DenseGaussianDRM,20.0,,
408,STTA,6.166731074728609e-05,0.03515073900052812,,10.0,tt_error_func,DenseGaussianDRM,20.0,"(5, 8, 8, 8, 8, 8, 8, 8, 5)","(10, 16, 16, 16, 16, 16, 16, 16, 10)"
409,HMT,5.752263236167648e-05,0.5184072780011775,"(5, 8, 8, 8, 8, 8, 8, 8, 5)",10.0,tt_error_func,DenseGaussianDRM,21.0,,
410,STTA,0.00010235107924897172,0.03496764700139465,,10.0,tt_error_func,DenseGaussianDRM,21.0,"(5, 8, 8, 8, 8, 8, 8, 8, 5)","(10, 16, 16, 16, 16, 16, 16, 16, 10)"
411,HMT,4.956501233717058e-05,0.5210688919996755,"(5, 8, 8, 8, 8, 8, 8, 8, 5)",10.0,tt_error_func,DenseGaussianDRM,22.0,,
412,STTA,9.969414110159278e-05,0.036947540000255685,,10.0,tt_error_func,DenseGaussianDRM,22.0,"(5, 8, 8, 8, 8, 8, 8, 8, 5)","(10, 16, 16, 16, 16, 16, 16, 16, 10)"
413,HMT,5.0786715063934495e-05,0.5345830569985992,"(5, 8, 8, 8, 8, 8, 8, 8, 5)",10.0,tt_error_func,DenseGaussianDRM,23.0,,
414,STTA,0.00010813341272566845,0.034900557999208104,,10.0,tt_error_func,DenseGaussianDRM,23.0,"(5, 8, 8, 8, 8, 8, 8, 8, 5)","(10, 16, 16, 16, 16, 16, 16, 16, 10)"
415,HMT,9.211868586645649e-05,0.5073820119996526,"(5, 8, 8, 8, 8, 8, 8, 8, 5)",10.0,tt_error_func,DenseGaussianDRM,24.0,,
416,STTA,0.00028824610088592947,0.034082042999216355,,10.0,tt_error_func,DenseGaussianDRM,24.0,"(5, 8, 8, 8, 8, 8, 8, 8, 5)","(10, 16, 16, 16, 16, 16, 16, 16, 10)"
417,HMT,0.00010436337419938876,0.5102718870002718,"(5, 8, 8, 8, 8, 8, 8, 8, 5)",10.0,tt_error_func,DenseGaussianDRM,25.0,,
418,STTA,9.329755546089433e-05,0.03530632000001788,,10.0,tt_error_func,DenseGaussianDRM,25.0,"(5, 8, 8, 8, 8, 8, 8, 8, 5)","(10, 16, 16, 16, 16, 16, 16, 16, 10)"
419,HMT,5.4676055050280235e-05,0.5194999489995098,"(5, 8, 8, 8, 8, 8, 8, 8, 5)",10.0,tt_error_func,DenseGaussianDRM,26.0,,
420,STTA,9.036606419534183e-05,0.033481070000561886,,10.0,tt_error_func,DenseGaussianDRM,26.0,"(5, 8, 8, 8, 8, 8, 8, 8, 5)","(10, 16, 16, 16, 16, 16, 16, 16, 10)"
421,HMT,0.00010030657405527959,0.5192433150004945,"(5, 8, 8, 8, 8, 8, 8, 8, 5)",10.0,tt_error_func,DenseGaussianDRM,27.0,,
422,STTA,8.986146104853445e-05,0.03441662400109635,,10.0,tt_error_func,DenseGaussianDRM,27.0,"(5, 8, 8, 8, 8, 8, 8, 8, 5)","(10, 16, 16, 16, 16, 16, 16, 16, 10)"
423,HMT,6.267689775287972e-05,0.5187309499997355,"(5, 8, 8, 8, 8, 8, 8, 8, 5)",10.0,tt_error_func,DenseGaussianDRM,28.0,,
424,STTA,7.222391733510984e-05,0.03398609099895111,,10.0,tt_error_func,DenseGaussianDRM,28.0,"(5, 8, 8, 8, 8, 8, 8, 8, 5)","(10, 16, 16, 16, 16, 16, 16, 16, 10)"
425,HMT,4.971168213609123e-05,0.5115047290000803,"(5, 8, 8, 8, 8, 8, 8, 8, 5)",10.0,tt_error_func,DenseGaussianDRM,29.0,,
426,STTA,5.968297544369052e-05,0.03453592600089905,,10.0,tt_error_func,DenseGaussianDRM,29.0,"(5, 8, 8, 8, 8, 8, 8, 8, 5)","(10, 16, 16, 16, 16, 16, 16, 16, 10)"
427,TT-SVD,1.952540223066496e-05,0.00202894100038975,"(5, 8, 8, 8, 8, 8, 8, 8, 8, 5)",11.0,tt_error_func,,,,
428,HMT,0.00010098124358117936,2.6137969909996173,"(5, 8, 8, 8, 8, 8, 8, 8, 8, 5)",11.0,tt_error_func,DenseGaussianDRM,0.0,,
429,STTA,0.00013482114822148007,0.03900642900043749,,11.0,tt_error_func,DenseGaussianDRM,0.0,"(5, 8, 8, 8, 8, 8, 8, 8, 8, 5)","(10, 16, 16, 16, 16, 16, 16, 16, 16, 10)"
430,HMT,6.024525626526757e-05,2.500963418999163,"(5, 8, 8, 8, 8, 8, 8, 8, 8, 5)",11.0,tt_error_func,DenseGaussianDRM,1.0,,
431,STTA,0.000256494935713579,0.03894420899996476,,11.0,tt_error_func,DenseGaussianDRM,1.0,"(5, 8, 8, 8, 8, 8, 8, 8, 8, 5)","(10, 16, 16, 16, 16, 16, 16, 16, 16, 10)"
432,HMT,4.6151328939698334e-05,2.495499426999231,"(5, 8, 8, 8, 8, 8, 8, 8, 8, 5)",11.0,tt_error_func,DenseGaussianDRM,2.0,,
433,STTA,6.405901370636966e-05,0.03947167099977378,,11.0,tt_error_func,DenseGaussianDRM,2.0,"(5, 8, 8, 8, 8, 8, 8, 8, 8, 5)","(10, 16, 16, 16, 16, 16, 16, 16, 16, 10)"
434,HMT,0.00011144168546293967,2.5003902910011675,"(5, 8, 8, 8, 8, 8, 8, 8, 8, 5)",11.0,tt_error_func,DenseGaussianDRM,3.0,,
435,STTA,0.00019227854844937407,0.04116238100141345,,11.0,tt_error_func,DenseGaussianDRM,3.0,"(5, 8, 8, 8, 8, 8, 8, 8, 8, 5)","(10, 16, 16, 16, 16, 16, 16, 16, 16, 10)"
436,HMT,0.00018589577581436319,2.5309973189996526,"(5, 8, 8, 8, 8, 8, 8, 8, 8, 5)",11.0,tt_error_func,DenseGaussianDRM,4.0,,
437,STTA,0.00011261624312589658,0.037984361999406246,,11.0,tt_error_func,DenseGaussianDRM,4.0,"(5, 8, 8, 8, 8, 8, 8, 8, 8, 5)","(10, 16, 16, 16, 16, 16, 16, 16, 16, 10)"
438,HMT,7.48782141805916e-05,2.51042500100084,"(5, 8, 8, 8, 8, 8, 8, 8, 8, 5)",11.0,tt_error_func,DenseGaussianDRM,5.0,,
439,STTA,0.0002681279796615616,0.039478641001551296,,11.0,tt_error_func,DenseGaussianDRM,5.0,"(5, 8, 8, 8, 8, 8, 8, 8, 8, 5)","(10, 16, 16, 16, 16, 16, 16, 16, 16, 10)"
440,HMT,7.74182192072236e-05,2.515497125001275,"(5, 8, 8, 8, 8, 8, 8, 8, 8, 5)",11.0,tt_error_func,DenseGaussianDRM,6.0,,
441,STTA,7.765879491001739e-05,0.039351460998659604,,11.0,tt_error_func,DenseGaussianDRM,6.0,"(5, 8, 8, 8, 8, 8, 8, 8, 8, 5)","(10, 16, 16, 16, 16, 16, 16, 16, 16, 10)"
442,HMT,0.00016348843616656225,2.5747295010005473,"(5, 8, 8, 8, 8, 8, 8, 8, 8, 5)",11.0,tt_error_func,DenseGaussianDRM,7.0,,
443,STTA,0.00016248635460558984,0.03814672299995436,,11.0,tt_error_func,DenseGaussianDRM,7.0,"(5, 8, 8, 8, 8, 8, 8, 8, 8, 5)","(10, 16, 16, 16, 16, 16, 16, 16, 16, 10)"
444,HMT,4.215251954857227e-05,2.5949968439999793,"(5, 8, 8, 8, 8, 8, 8, 8, 8, 5)",11.0,tt_error_func,DenseGaussianDRM,8.0,,
445,STTA,0.00013572540002675419,0.03907310700014932,,11.0,tt_error_func,DenseGaussianDRM,8.0,"(5, 8, 8, 8, 8, 8, 8, 8, 8, 5)","(10, 16, 16, 16, 16, 16, 16, 16, 16, 10)"
446,HMT,7.28290644146969e-05,2.5591623809996236,"(5, 8, 8, 8, 8, 8, 8, 8, 8, 5)",11.0,tt_error_func,DenseGaussianDRM,9.0,,
447,STTA,0.00022237897687831632,0.040024272000664496,,11.0,tt_error_func,DenseGaussianDRM,9.0,"(5, 8, 8, 8, 8, 8, 8, 8, 8, 5)","(10, 16, 16, 16, 16, 16, 16, 16, 16, 10)"
448,HMT,0.00010233103960752744,2.6228181309998035,"(5, 8, 8, 8, 8, 8, 8, 8, 8, 5)",11.0,tt_error_func,DenseGaussianDRM,10.0,,
449,STTA,0.0001001279786560423,0.04015562299900921,,11.0,tt_error_func,DenseGaussianDRM,10.0,"(5, 8, 8, 8, 8, 8, 8, 8, 8, 5)","(10, 16, 16, 16, 16, 16, 16, 16, 16, 10)"
450,HMT,0.00011426851861989014,2.6212718590013537,"(5, 8, 8, 8, 8, 8, 8, 8, 8, 5)",11.0,tt_error_func,DenseGaussianDRM,11.0,,
451,STTA,0.0001794667681663883,0.039438519001123495,,11.0,tt_error_func,DenseGaussianDRM,11.0,"(5, 8, 8, 8, 8, 8, 8, 8, 8, 5)","(10, 16, 16, 16, 16, 16, 16, 16, 16, 10)"
452,HMT,9.796296325311575e-05,2.568915552999897,"(5, 8, 8, 8, 8, 8, 8, 8, 8, 5)",11.0,tt_error_func,DenseGaussianDRM,12.0,,
453,STTA,0.00019291115156451285,0.038772264999352046,,11.0,tt_error_func,DenseGaussianDRM,12.0,"(5, 8, 8, 8, 8, 8, 8, 8, 8, 5)","(10, 16, 16, 16, 16, 16, 16, 16, 16, 10)"
454,HMT,0.00010427754955617936,2.5288165689999005,"(5, 8, 8, 8, 8, 8, 8, 8, 8, 5)",11.0,tt_error_func,DenseGaussianDRM,13.0,,
455,STTA,8.970301734367637e-05,0.038736612999855424,,11.0,tt_error_func,DenseGaussianDRM,13.0,"(5, 8, 8, 8, 8, 8, 8, 8, 8, 5)","(10, 16, 16, 16, 16, 16, 16, 16, 16, 10)"
456,HMT,4.9948673686103e-05,2.5220449389998976,"(5, 8, 8, 8, 8, 8, 8, 8, 8, 5)",11.0,tt_error_func,DenseGaussianDRM,14.0,,
457,STTA,9.28701318582727e-05,0.03877756399924692,,11.0,tt_error_func,DenseGaussianDRM,14.0,"(5, 8, 8, 8, 8, 8, 8, 8, 8, 5)","(10, 16, 16, 16, 16, 16, 16, 16, 16, 10)"
458,HMT,6.420202104870888e-05,2.495283140999163,"(5, 8, 8, 8, 8, 8, 8, 8, 8, 5)",11.0,tt_error_func,DenseGaussianDRM,15.0,,
459,STTA,0.0001459875330750868,0.03889242399964132,,11.0,tt_error_func,DenseGaussianDRM,15.0,"(5, 8, 8, 8, 8, 8, 8, 8, 8, 5)","(10, 16, 16, 16, 16, 16, 16, 16, 16, 10)"
460,HMT,0.00011616308378069955,2.492919577000066,"(5, 8, 8, 8, 8, 8, 8, 8, 8, 5)",11.0,tt_error_func,DenseGaussianDRM,16.0,,
461,STTA,0.00010458339527253933,0.03870712099887896,,11.0,tt_error_func,DenseGaussianDRM,16.0,"(5, 8, 8, 8, 8, 8, 8, 8, 8, 5)","(10, 16, 16, 16, 16, 16, 16, 16, 16, 10)"
462,HMT,0.00013813636998619537,2.526337897999838,"(5, 8, 8, 8, 8, 8, 8, 8, 8, 5)",11.0,tt_error_func,DenseGaussianDRM,17.0,,
463,STTA,0.00020660273333788755,0.03764029699959792,,11.0,tt_error_func,DenseGaussianDRM,17.0,"(5, 8, 8, 8, 8, 8, 8, 8, 8, 5)","(10, 16, 16, 16, 16, 16, 16, 16, 16, 10)"
464,HMT,8.792827132772083e-05,2.5192410979998385,"(5, 8, 8, 8, 8, 8, 8, 8, 8, 5)",11.0,tt_error_func,DenseGaussianDRM,18.0,,
465,STTA,0.0001509791285067709,0.03790679700068722,,11.0,tt_error_func,DenseGaussianDRM,18.0,"(5, 8, 8, 8, 8, 8, 8, 8, 8, 5)","(10, 16, 16, 16, 16, 16, 16, 16, 16, 10)"
466,HMT,0.00015553697188181999,2.524067431999356,"(5, 8, 8, 8, 8, 8, 8, 8, 8, 5)",11.0,tt_error_func,DenseGaussianDRM,19.0,,
467,STTA,0.00012016190640341888,0.03925467400040361,,11.0,tt_error_func,DenseGaussianDRM,19.0,"(5, 8, 8, 8, 8, 8, 8, 8, 8, 5)","(10, 16, 16, 16, 16, 16, 16, 16, 16, 10)"
468,HMT,7.529841778878806e-05,2.5403966499998205,"(5, 8, 8, 8, 8, 8, 8, 8, 8, 5)",11.0,tt_error_func,DenseGaussianDRM,20.0,,
469,STTA,0.00014733484209431466,0.03928409400032251,,11.0,tt_error_func,DenseGaussianDRM,20.0,"(5, 8, 8, 8, 8, 8, 8, 8, 8, 5)","(10, 16, 16, 16, 16, 16, 16, 16, 16, 10)"
470,HMT,5.675124543469525e-05,2.60310729000048,"(5, 8, 8, 8, 8, 8, 8, 8, 8, 5)",11.0,tt_error_func,DenseGaussianDRM,21.0,,
471,STTA,0.00013928194130563004,0.03891900200142118,,11.0,tt_error_func,DenseGaussianDRM,21.0,"(5, 8, 8, 8, 8, 8, 8, 8, 8, 5)","(10, 16, 16, 16, 16, 16, 16, 16, 16, 10)"
472,HMT,8.045724320530765e-05,2.5785369129989704,"(5, 8, 8, 8, 8, 8, 8, 8, 8, 5)",11.0,tt_error_func,DenseGaussianDRM,22.0,,
473,STTA,0.00017078065140710625,0.038852641999255866,,11.0,tt_error_func,DenseGaussianDRM,22.0,"(5, 8, 8, 8, 8, 8, 8, 8, 8, 5)","(10, 16, 16, 16, 16, 16, 16, 16, 16, 10)"
474,HMT,0.00011508170066762864,2.5080691990006017,"(5, 8, 8, 8, 8, 8, 8, 8, 8, 5)",11.0,tt_error_func,DenseGaussianDRM,23.0,,
475,STTA,7.347007865340741e-05,0.03811684699940088,,11.0,tt_error_func,DenseGaussianDRM,23.0,"(5, 8, 8, 8, 8, 8, 8, 8, 8, 5)","(10, 16, 16, 16, 16, 16, 16, 16, 16, 10)"
476,HMT,0.00011359626700650317,2.538929926000492,"(5, 8, 8, 8, 8, 8, 8, 8, 8, 5)",11.0,tt_error_func,DenseGaussianDRM,24.0,,
477,STTA,0.00010626127860080884,0.03821325699937006,,11.0,tt_error_func,DenseGaussianDRM,24.0,"(5, 8, 8, 8, 8, 8, 8, 8, 8, 5)","(10, 16, 16, 16, 16, 16, 16, 16, 16, 10)"
478,HMT,4.412536236655173e-05,2.5793143840000994,"(5, 8, 8, 8, 8, 8, 8, 8, 8, 5)",11.0,tt_error_func,DenseGaussianDRM,25.0,,
479,STTA,0.00010296153776953541,0.03840755800047191,,11.0,tt_error_func,DenseGaussianDRM,25.0,"(5, 8, 8, 8, 8, 8, 8, 8, 8, 5)","(10, 16, 16, 16, 16, 16, 16, 16, 16, 10)"
480,HMT,5.205554108878637e-05,2.5256720620000124,"(5, 8, 8, 8, 8, 8, 8, 8, 8, 5)",11.0,tt_error_func,DenseGaussianDRM,26.0,,
481,STTA,0.00019027228935732975,0.040069446000416065,,11.0,tt_error_func,DenseGaussianDRM,26.0,"(5, 8, 8, 8, 8, 8, 8, 8, 8, 5)","(10, 16, 16, 16, 16, 16, 16, 16, 16, 10)"
482,HMT,6.502599141749787e-05,2.554792467999505,"(5, 8, 8, 8, 8, 8, 8, 8, 8, 5)",11.0,tt_error_func,DenseGaussianDRM,27.0,,
483,STTA,8.230369890167234e-05,0.03835060800156498,,11.0,tt_error_func,DenseGaussianDRM,27.0,"(5, 8, 8, 8, 8, 8, 8, 8, 8, 5)","(10, 16, 16, 16, 16, 16, 16, 16, 16, 10)"
484,HMT,0.00010688898610373665,2.525752019999345,"(5, 8, 8, 8, 8, 8, 8, 8, 8, 5)",11.0,tt_error_func,DenseGaussianDRM,28.0,,
485,STTA,0.0001048521094850522,0.038524266999957035,,11.0,tt_error_func,DenseGaussianDRM,28.0,"(5, 8, 8, 8, 8, 8, 8, 8, 8, 5)","(10, 16, 16, 16, 16, 16, 16, 16, 16, 10)"
486,HMT,7.360682960274346e-05,2.600842485000612,"(5, 8, 8, 8, 8, 8, 8, 8, 8, 5)",11.0,tt_error_func,DenseGaussianDRM,29.0,,
487,STTA,8.972393319162518e-05,0.03946585199992114,,11.0,tt_error_func,DenseGaussianDRM,29.0,"(5, 8, 8, 8, 8, 8, 8, 8, 8, 5)","(10, 16, 16, 16, 16, 16, 16, 16, 16, 10)"
488,TT-SVD,1.1685308126219176e-05,0.0018120500008080853,"(5, 8, 8, 8, 8, 8, 8, 8, 8, 8, 5)",12.0,tt_error_func,,,,
489,HMT,5.606236096397787e-05,13.32876001600016,"(5, 8, 8, 8, 8, 8, 8, 8, 8, 8, 5)",12.0,tt_error_func,DenseGaussianDRM,0.0,,
490,STTA,0.00022686912302366532,0.041398452000066754,,12.0,tt_error_func,DenseGaussianDRM,0.0,"(5, 8, 8, 8, 8, 8, 8, 8, 8, 8, 5)","(10, 16, 16, 16, 16, 16, 16, 16, 16, 16, 10)"
491,HMT,6.747365679786276e-05,13.249650072000804,"(5, 8, 8, 8, 8, 8, 8, 8, 8, 8, 5)",12.0,tt_error_func,DenseGaussianDRM,1.0,,
492,STTA,0.00011156164635412231,0.04098239799895964,,12.0,tt_error_func,DenseGaussianDRM,1.0,"(5, 8, 8, 8, 8, 8, 8, 8, 8, 8, 5)","(10, 16, 16, 16, 16, 16, 16, 16, 16, 16, 10)"
493,HMT,4.541311517197976e-05,12.627709133999815,"(5, 8, 8, 8, 8, 8, 8, 8, 8, 8, 5)",12.0,tt_error_func,DenseGaussianDRM,2.0,,
494,STTA,7.016132756042806e-05,0.04135410900016723,,12.0,tt_error_func,DenseGaussianDRM,2.0,"(5, 8, 8, 8, 8, 8, 8, 8, 8, 8, 5)","(10, 16, 16, 16, 16, 16, 16, 16, 16, 16, 10)"
495,HMT,4.4216922288314335e-05,12.688189745998898,"(5, 8, 8, 8, 8, 8, 8, 8, 8, 8, 5)",12.0,tt_error_func,DenseGaussianDRM,3.0,,
496,STTA,0.00012196238700908084,0.04325463699933607,,12.0,tt_error_func,DenseGaussianDRM,3.0,"(5, 8, 8, 8, 8, 8, 8, 8, 8, 8, 5)","(10, 16, 16, 16, 16, 16, 16, 16, 16, 16, 10)"
497,HMT,6.105245056305298e-05,12.77296369800024,"(5, 8, 8, 8, 8, 8, 8, 8, 8, 8, 5)",12.0,tt_error_func,DenseGaussianDRM,4.0,,
498,STTA,0.00010559753911017765,0.041584685999623616,,12.0,tt_error_func,DenseGaussianDRM,4.0,"(5, 8, 8, 8, 8, 8, 8, 8, 8, 8, 5)","(10, 16, 16, 16, 16, 16, 16, 16, 16, 16, 10)"
499,HMT,5.837609924192906e-05,12.632338011000684,"(5, 8, 8, 8, 8, 8, 8, 8, 8, 8, 5)",12.0,tt_error_func,DenseGaussianDRM,5.0,,
500,STTA,5.991287141586244e-05,0.04249620900009177,,12.0,tt_error_func,DenseGaussianDRM,5.0,"(5, 8, 8, 8, 8, 8, 8, 8, 8, 8, 5)","(10, 16, 16, 16, 16, 16, 16, 16, 16, 16, 10)"
501,HMT,5.7345897109548405e-05,12.587411208000049,"(5, 8, 8, 8, 8, 8, 8, 8, 8, 8, 5)",12.0,tt_error_func,DenseGaussianDRM,6.0,,
502,STTA,0.00019902658655852453,0.041980546000559116,,12.0,tt_error_func,DenseGaussianDRM,6.0,"(5, 8, 8, 8, 8, 8, 8, 8, 8, 8, 5)","(10, 16, 16, 16, 16, 16, 16, 16, 16, 16, 10)"
503,HMT,9.968178736222437e-05,12.531999149001422,"(5, 8, 8, 8, 8, 8, 8, 8, 8, 8, 5)",12.0,tt_error_func,DenseGaussianDRM,7.0,,
504,STTA,4.403066946875907e-05,0.04130300100041495,,12.0,tt_error_func,DenseGaussianDRM,7.0,"(5, 8, 8, 8, 8, 8, 8, 8, 8, 8, 5)","(10, 16, 16, 16, 16, 16, 16, 16, 16, 16, 10)"
505,HMT,4.242034659515932e-05,12.64145746000031,"(5, 8, 8, 8, 8, 8, 8, 8, 8, 8, 5)",12.0,tt_error_func,DenseGaussianDRM,8.0,,
506,STTA,0.00025311614159241293,0.041773420998652,,12.0,tt_error_func,DenseGaussianDRM,8.0,"(5, 8, 8, 8, 8, 8, 8, 8, 8, 8, 5)","(10, 16, 16, 16, 16, 16, 16, 16, 16, 16, 10)"
507,HMT,3.298761432147175e-05,12.630818916000862,"(5, 8, 8, 8, 8, 8, 8, 8, 8, 8, 5)",12.0,tt_error_func,DenseGaussianDRM,9.0,,
508,STTA,0.00014490987616426384,0.04135728799883509,,12.0,tt_error_func,DenseGaussianDRM,9.0,"(5, 8, 8, 8, 8, 8, 8, 8, 8, 8, 5)","(10, 16, 16, 16, 16, 16, 16, 16, 16, 16, 10)"
509,HMT,5.097203683631337e-05,12.582733594999809,"(5, 8, 8, 8, 8, 8, 8, 8, 8, 8, 5)",12.0,tt_error_func,DenseGaussianDRM,10.0,,
510,STTA,0.00014874425108285866,0.04130619699935778,,12.0,tt_error_func,DenseGaussianDRM,10.0,"(5, 8, 8, 8, 8, 8, 8, 8, 8, 8, 5)","(10, 16, 16, 16, 16, 16, 16, 16, 16, 16, 10)"
511,HMT,5.878999746802869e-05,12.474207536999529,"(5, 8, 8, 8, 8, 8, 8, 8, 8, 8, 5)",12.0,tt_error_func,DenseGaussianDRM,11.0,,
512,STTA,0.0001039151442263454,0.041286175001005176,,12.0,tt_error_func,DenseGaussianDRM,11.0,"(5, 8, 8, 8, 8, 8, 8, 8, 8, 8, 5)","(10, 16, 16, 16, 16, 16, 16, 16, 16, 16, 10)"
513,HMT,0.00015674083404247798,12.556284920001417,"(5, 8, 8, 8, 8, 8, 8, 8, 8, 8, 5)",12.0,tt_error_func,DenseGaussianDRM,12.0,,
514,STTA,4.6790983599875726e-05,0.045066782000503736,,12.0,tt_error_func,DenseGaussianDRM,12.0,"(5, 8, 8, 8, 8, 8, 8, 8, 8, 8, 5)","(10, 16, 16, 16, 16, 16, 16, 16, 16, 16, 10)"
515,HMT,0.00012047380614874694,12.551445057999445,"(5, 8, 8, 8, 8, 8, 8, 8, 8, 8, 5)",12.0,tt_error_func,DenseGaussianDRM,13.0,,
516,STTA,0.00012293835882827808,0.04372139400038577,,12.0,tt_error_func,DenseGaussianDRM,13.0,"(5, 8, 8, 8, 8, 8, 8, 8, 8, 8, 5)","(10, 16, 16, 16, 16, 16, 16, 16, 16, 16, 10)"
517,HMT,4.8502837462632035e-05,12.63388728099926,"(5, 8, 8, 8, 8, 8, 8, 8, 8, 8, 5)",12.0,tt_error_func,DenseGaussianDRM,14.0,,
518,STTA,0.00013944935893758027,0.042076715999428416,,12.0,tt_error_func,DenseGaussianDRM,14.0,"(5, 8, 8, 8, 8, 8, 8, 8, 8, 8, 5)","(10, 16, 16, 16, 16, 16, 16, 16, 16, 16, 10)"
519,HMT,5.624422126242613e-05,12.40582799799995,"(5, 8, 8, 8, 8, 8, 8, 8, 8, 8, 5)",12.0,tt_error_func,DenseGaussianDRM,15.0,,
520,STTA,9.378614262383307e-05,0.04315026099902752,,12.0,tt_error_func,DenseGaussianDRM,15.0,"(5, 8, 8, 8, 8, 8, 8, 8, 8, 8, 5)","(10, 16, 16, 16, 16, 16, 16, 16, 16, 16, 10)"
521,HMT,4.4342163748088e-05,12.677142993001326,"(5, 8, 8, 8, 8, 8, 8, 8, 8, 8, 5)",12.0,tt_error_func,DenseGaussianDRM,16.0,,
522,STTA,8.475352234852474e-05,0.03958822200002032,,12.0,tt_error_func,DenseGaussianDRM,16.0,"(5, 8, 8, 8, 8, 8, 8, 8, 8, 8, 5)","(10, 16, 16, 16, 16, 16, 16, 16, 16, 16, 10)"
523,HMT,5.442205013476837e-05,12.73831363699901,"(5, 8, 8, 8, 8, 8, 8, 8, 8, 8, 5)",12.0,tt_error_func,DenseGaussianDRM,17.0,,
524,STTA,7.697074409988969e-05,0.04389440200066019,,12.0,tt_error_func,DenseGaussianDRM,17.0,"(5, 8, 8, 8, 8, 8, 8, 8, 8, 8, 5)","(10, 16, 16, 16, 16, 16, 16, 16, 16, 16, 10)"
525,HMT,0.0003714468577338526,12.683956081998986,"(5, 8, 8, 8, 8, 8, 8, 8, 8, 8, 5)",12.0,tt_error_func,DenseGaussianDRM,18.0,,
526,STTA,0.00011281275499963462,0.042439243999979226,,12.0,tt_error_func,DenseGaussianDRM,18.0,"(5, 8, 8, 8, 8, 8, 8, 8, 8, 8, 5)","(10, 16, 16, 16, 16, 16, 16, 16, 16, 16, 10)"
527,HMT,0.00012242822226004,12.881056262998754,"(5, 8, 8, 8, 8, 8, 8, 8, 8, 8, 5)",12.0,tt_error_func,DenseGaussianDRM,19.0,,
528,STTA,9.839214624493996e-05,0.0415080279999529,,12.0,tt_error_func,DenseGaussianDRM,19.0,"(5, 8, 8, 8, 8, 8, 8, 8, 8, 8, 5)","(10, 16, 16, 16, 16, 16, 16, 16, 16, 16, 10)"
529,HMT,6.60927374917057e-05,12.465656899999885,"(5, 8, 8, 8, 8, 8, 8, 8, 8, 8, 5)",12.0,tt_error_func,DenseGaussianDRM,20.0,,
530,STTA,8.9112012649256e-05,0.041469816000244464,,12.0,tt_error_func,DenseGaussianDRM,20.0,"(5, 8, 8, 8, 8, 8, 8, 8, 8, 8, 5)","(10, 16, 16, 16, 16, 16, 16, 16, 16, 16, 10)"
531,HMT,6.88811414041726e-05,12.364602874000411,"(5, 8, 8, 8, 8, 8, 8, 8, 8, 8, 5)",12.0,tt_error_func,DenseGaussianDRM,21.0,,
532,STTA,0.00018229538162590976,0.04592151699944225,,12.0,tt_error_func,DenseGaussianDRM,21.0,"(5, 8, 8, 8, 8, 8, 8, 8, 8, 8, 5)","(10, 16, 16, 16, 16, 16, 16, 16, 16, 16, 10)"
533,HMT,7.634755263748771e-05,12.492561913999452,"(5, 8, 8, 8, 8, 8, 8, 8, 8, 8, 5)",12.0,tt_error_func,DenseGaussianDRM,22.0,,
534,STTA,0.00010808133247029364,0.04362224499891454,,12.0,tt_error_func,DenseGaussianDRM,22.0,"(5, 8, 8, 8, 8, 8, 8, 8, 8, 8, 5)","(10, 16, 16, 16, 16, 16, 16, 16, 16, 16, 10)"
535,HMT,6.403660629377214e-05,12.48106212499988,"(5, 8, 8, 8, 8, 8, 8, 8, 8, 8, 5)",12.0,tt_error_func,DenseGaussianDRM,23.0,,
536,STTA,8.329833269719705e-05,0.0427374390001205,,12.0,tt_error_func,DenseGaussianDRM,23.0,"(5, 8, 8, 8, 8, 8, 8, 8, 8, 8, 5)","(10, 16, 16, 16, 16, 16, 16, 16, 16, 16, 10)"
537,HMT,5.07310083690203e-05,12.502975938001327,"(5, 8, 8, 8, 8, 8, 8, 8, 8, 8, 5)",12.0,tt_error_func,DenseGaussianDRM,24.0,,
538,STTA,7.91054515318416e-05,0.042042323999339715,,12.0,tt_error_func,DenseGaussianDRM,24.0,"(5, 8, 8, 8, 8, 8, 8, 8, 8, 8, 5)","(10, 16, 16, 16, 16, 16, 16, 16, 16, 16, 10)"
539,HMT,7.90267999661823e-05,12.52541651700085,"(5, 8, 8, 8, 8, 8, 8, 8, 8, 8, 5)",12.0,tt_error_func,DenseGaussianDRM,25.0,,
540,STTA,0.0001342228625085497,0.04134536099991237,,12.0,tt_error_func,DenseGaussianDRM,25.0,"(5, 8, 8, 8, 8, 8, 8, 8, 8, 8, 5)","(10, 16, 16, 16, 16, 16, 16, 16, 16, 16, 10)"
541,HMT,6.360665589004388e-05,12.572288553999897,"(5, 8, 8, 8, 8, 8, 8, 8, 8, 8, 5)",12.0,tt_error_func,DenseGaussianDRM,26.0,,
542,STTA,9.734357568901932e-05,0.041595331000280567,,12.0,tt_error_func,DenseGaussianDRM,26.0,"(5, 8, 8, 8, 8, 8, 8, 8, 8, 8, 5)","(10, 16, 16, 16, 16, 16, 16, 16, 16, 16, 10)"
543,HMT,5.64226449865215e-05,12.689213715000733,"(5, 8, 8, 8, 8, 8, 8, 8, 8, 8, 5)",12.0,tt_error_func,DenseGaussianDRM,27.0,,
544,STTA,0.0001551242913765769,0.043085057999633136,,12.0,tt_error_func,DenseGaussianDRM,27.0,"(5, 8, 8, 8, 8, 8, 8, 8, 8, 8, 5)","(10, 16, 16, 16, 16, 16, 16, 16, 16, 16, 10)"
545,HMT,6.577854354748459e-05,12.65661762399941,"(5, 8, 8, 8, 8, 8, 8, 8, 8, 8, 5)",12.0,tt_error_func,DenseGaussianDRM,28.0,,
546,STTA,8.424037599056856e-05,0.04134947900092811,,12.0,tt_error_func,DenseGaussianDRM,28.0,"(5, 8, 8, 8, 8, 8, 8, 8, 8, 8, 5)","(10, 16, 16, 16, 16, 16, 16, 16, 16, 16, 10)"
547,HMT,0.00012065166632275543,12.415748323999651,"(5, 8, 8, 8, 8, 8, 8, 8, 8, 8, 5)",12.0,tt_error_func,DenseGaussianDRM,29.0,,
548,STTA,0.00012358322209242081,0.04130896800052142,,12.0,tt_error_func,DenseGaussianDRM,29.0,"(5, 8, 8, 8, 8, 8, 8, 8, 8, 8, 5)","(10, 16, 16, 16, 16, 16, 16, 16, 16, 16, 10)"
